symbol,direction,regime,setup,EMS,MomentumScore,ReversalScore,ret_1,ret_5,ret_20,ret_60,rvol,rvol_max5,rv20,atr_pct,turnover_pct,xs_peer_20,xs_sector_20,peer_ret_20,idio_z_20,move_type,peer_group,dist_sma20,dist_sma50,dist_sma200,dist_52wh,rsi14,gap,exh_count,cont_count,price,ATR,high_t,low_t,spike_high5,market_cap,pe_ratio,entry_condition,invalidation,holding_period,candidate
IOVA,—,NO TRADE,No trade: already extended (+225% in 60d); weak closes,67.35920026810463,42.17502169730874,34.45011181793173,-0.0010541110330288816,0.29227272727272724,0.6339080459770117,2.2528604118993134,0.6419575525364978,5.59839542599978,1.0756423047308807,0.05952546053504481,2.63204269965268,0.7078392905630749,0.6747714882025685,-0.07393124458606323,1.7339946145644558,company-specific,Biotechnology,0.33508652468947386,0.7185724303020045,2.0039993448893445,-0.07091503267973864,79.84183210888196,0.015460295151089154,4.0,4.0,14.215,0.846154421505662,14.75,13.95,15.3,6438988631.809199,-19.71,—,—,—,True
SNPS,—,NO TRADE,No trade: momentum score below base rate,52.57461329333064,34.13041885139518,25.919688087091146,-0.0013046846332613882,0.15064825253664038,0.17676731281977376,0.10494620745652616,1.4607443514674197,3.318284586784658,0.5874443855088783,0.038885987139615115,1.7365409602529782,0.2061719574194958,0.10234670734577245,-0.02940464459972204,0.895898873652515,company-specific,Application Software,0.196296097325122,0.20187707734112093,0.10114477811758515,-0.09190331430266185,74.0951904440151,0.014912137644228718,2.0,3.0,489.9,19.050245099697445,500.025,483.24,500.025,93911711850.0,86.545596,—,—,—,True
MRNA,—,NO TRADE,No trade: already extended (+148% in 60d); momentum decelerating,39.18994689970944,43.6391250603896,33.80760883894568,0.005663173494230955,-0.04459975864843124,0.27634849197286204,1.481844305120167,0.6995430626135838,1.374409889162016,0.6995484557762233,0.07061624598477106,2.577287869831378,0.3426720864737306,0.31721193419841887,-0.06632359450086857,0.5004380609891342,company-specific,Biotechnology,0.13308923502611925,0.5368774558413636,1.7785018156188186,-0.09043997411241189,66.22148938249762,0.006986344871387606,2.0,3.0,190.01,13.417792899566349,193.72,183.28,208.9032,75818908760.0,-23.8,—,—,—,True
FORM,LONG,MOMENTUM,Fresh breakout,36.49901172853674,42.895775597619746,29.534916467990787,0.0047830773376449365,0.1500501195157684,0.5414427449359238,0.24874413931681194,1.6598224159819663,1.9699876208873524,0.7008028192864878,0.04880447512846995,2.6058614547734273,0.35936655825440444,0.4670221394619225,0.1820761866815194,1.2333722556874296,mixed,Semiconductors,0.2206399869056388,0.29381873005380865,0.37414999517458214,-0.06938291632869531,72.79837623099873,0.012665049851791954,1.0,4.0,149.15,7.279187465411293,151.18,145.89,151.18,11653269344.144894,102.255588,Buy at Mon 10/5 close (MOC),Close < $134.59 (entry − 2 ATR); re-anchor to actual fill,10 sessions,True
P,—,NO TRADE,No trade: already extended (+73% in 60d),36.26809226032217,37.42905156602943,26.78077034843692,0.044807276522776274,0.11222222222222222,0.4278145695364237,0.7309782608695652,0.642337800338806,0.642337800338806,0.6291409542615085,0.04652445720238115,1.4671320361636038,0.33121142634034373,0.3533939640624224,0.09660314319608,1.646113282345209,company-specific,"Technology Hardware, Storage & Peripherals",0.2551386886156215,0.3732860872223833,0.7826545448532116,-0.004899524249094789,78.16661556822103,0.0046223812719004,6.0,4.0,140.14,6.519937432341694,140.83,134.0001,140.83,46685140227.12141,191.239083,—,—,—,True
ABCL,—,NO TRADE,No trade: already extended (+88% in 60d); momentum decelerating; weak closes,33.701432976467906,39.438442305401644,29.394450647068926,-0.012221423436376666,0.08188976377952772,0.18755401901469315,0.8847736625514404,0.7710533356206457,2.08197814126479,0.6334353106482878,0.0567450416102158,1.1462504122588688,0.25198836941006875,0.22841746124024997,-0.06443435039537562,0.7882114395901533,company-specific,Biotechnology,0.10436844431941483,0.3046326803839836,1.2969674679862249,-0.08491508491508493,63.65544429891301,0.013299784327821751,3.0,3.0,13.74,0.7796768717243651,14.303,13.66,15.015,4450790250.052123,-25.22,—,—,—,True
SOXL,—,NO TRADE,No trade: weak closes; high pullback risk,29.428208161505903,41.82423872022477,43.73199677603612,0.06519617411672862,0.08095080884780459,0.533726812816189,-0.14933749025720955,1.0315085845081011,1.2456666569113057,1.1481690732753842,0.07499915111570281,40.02603959398036,0.3514168100098291,0.45930620734218763,0.18231000280635984,0.7621058608867349,mixed,Semiconductors,0.23911488550051674,0.28929470358271314,0.39308689880526915,-0.4579139072847682,65.12208275674404,0.07612726917821577,5.0,3.0,163.71,12.278111029151708,169.75,162.4,169.75,25622548320.2,,—,—,—,True
AMD,—,NO TRADE,No trade: weak closes,29.2010284097395,37.92268630639248,23.66760932694561,0.029525928572588622,0.005201148058290972,0.3896659066994035,0.15947834357623636,0.8847133808269987,1.0229697435396288,0.5420379287444956,0.03818772133574094,1.2168791654415367,0.2029904218895047,0.3152453012254022,0.1866754848098988,1.7932382590679272,mixed,Semiconductors,0.11901505633160725,0.23440730981927382,0.6916741071532817,-0.017894214978465106,70.07262344609552,0.03283906907248313,4.0,4.0,633.91,24.207578431939538,645.46,628.55,645.46,1034584200000.0,162.687027,—,—,—,True
RMBS,—,NO TRADE,No trade: momentum score below base rate,28.854104087754184,39.362886653350735,26.841698657209463,0.04362009506943787,0.06475846329402812,0.3276025610623665,-0.01892578638394815,0.475805020904201,0.8993997154113238,0.6307235068576185,0.0466623415993446,1.1755407423798196,0.13904636880892113,0.2531819555883652,0.1885561922534454,1.2557182695214777,industry-wide,Semiconductors,0.18028397651448858,0.19722255487314588,0.03786174711979906,-0.3568638713383113,69.51883353718199,0.03429956193494266,2.0,3.0,111.97,5.224782388878615,113.28,110.2048,113.28,12142320900.0,51.251888,—,—,—,True
SBET,—,NO TRADE,No trade: already extended (+76% in 60d); momentum decelerating; weak closes,26.602986132787095,32.63371184667797,27.384606608711493,-0.024008350730688965,-0.029075804776739433,0.04120267260579058,0.757518796992481,0.9469498580709934,0.9469498580709934,0.7588379473893101,0.06298689028562277,3.862696110926969,0.1591528634886279,0.12778054145824957,-0.1179501908828373,0.9426622553937298,company-specific,Crypto & Fintech,0.020798078497734407,0.18492421554215022,0.26569855392248076,-0.5213718965958536,55.77274900836973,0.045929018789143905,2.0,2.0,9.35,0.5889274241705729,10.228,9.23,10.228,2031044400.0,-1.13,—,—,—,True
MSTR,—,NO TRADE,No trade: already extended (+70% in 60d); momentum decelerating; weak closes,26.280566272354854,34.358218949240616,31.076173572710132,-0.003052959501557706,0.008826681798121072,0.10488882751001238,0.7042283523271913,1.1606822077908494,1.1606822077908494,0.79043277920804,0.05831553214827504,7.146154641959002,0.22681940307436355,0.19146669636247138,-0.12193057556435116,0.9865753396551775,company-specific,Crypto & Fintech,0.08330794489015281,0.29450806913535477,0.17661917037722796,-0.5618685140056405,62.618128341344274,0.033551401869158726,2.0,3.0,160.01,9.331068299045489,170.17,155.89,170.17,61487726787.5,-1.65,—,—,—,True
BMNR,—,NO TRADE,No trade: already extended (+79% in 60d); momentum decelerating; weak closes,25.146373452951632,33.601050690363095,30.098410140883686,-0.017209128320239464,-0.046806966618287316,-0.00680529300567112,0.7882913546630361,0.8999512963765484,0.8999512963765484,0.6844946044954797,0.0626949198138873,6.115692217714609,0.10814440002644982,0.07977257584678787,-0.11494969303212094,0.6432190145858878,mixed,Crypto & Fintech,0.013718188658859098,0.1663218462248821,0.21229741204267727,-0.5995426829268292,55.012189701378546,0.031051253273475465,4.0,1.0,26.27,1.6469955435108197,28.2,25.92,28.2,15846757528.0,-3.08,—,—,—,True
TER,—,NO TRADE,No trade: momentum score below base rate,23.734404784918457,40.26239016880287,29.738849516526127,0.07996825320474277,0.12716501832421323,0.3262057355503709,0.23787732598208144,1.3816743740439477,1.3816743740439477,0.7247583445194479,0.04559465521146333,2.1759647181481503,0.14311628932998494,0.2517851300763696,0.18308944622038598,0.8498383986516268,industry-wide,Semiconductor Materials & Equipment,0.17920168067226894,0.19773767773750706,0.34019767796366573,-0.07966633190547434,69.58742946213262,0.036099954303855375,1.0,4.0,449.04,20.473823976155494,451.86,427.03,451.86,70204926050.0,61.607694,—,—,—,True
CRDO,—,NO TRADE,No trade: momentum score below base rate,22.680931566471564,39.233905655599365,34.259838116377075,0.04030070894989768,0.03635587998293599,0.3317902174575136,-0.17696216826651612,1.1886101333642034,1.1886101333642034,0.7426232833763361,0.06521281164643337,5.674874659695959,0.14336092388270905,0.25736961198351227,0.18842929357480454,0.5982768022242589,industry-wide,Semiconductors,0.20633291676667032,0.05083101873991591,0.23269048483204058,-0.29167048682103436,59.89349384498824,0.022957605747728094,2.0,2.0,218.64,14.25812913837619,231.59,211.91,231.59,41105085364.56339,78.024409,—,—,—,True
CHPT,—,NO TRADE,No trade: already extended (+61% in 60d); momentum decelerating; weak closes,22.024662502136444,38.293994252358,36.44576187007882,-0.08921568627450982,0.04031354983202684,0.02312775330396466,0.607266435986159,0.37643916029487307,0.37643916029487307,0.9056934265537633,0.08720342913267033,6.20179884572968,0.11356657793438792,0.0782539769000491,-0.09043882463042326,0.27274012395755143,company-specific,EV & Autos,-0.007690664387951407,0.2788744803281846,0.4150799695354148,-0.26328310864393345,55.57205859320198,0.02450980392156854,3.0,2.0,9.29,0.8101198566425073,11.26,9.17,11.26,249681150.295002,-1.29,—,—,—,True
AEHR,—,NO TRADE,No trade: weak closes,21.599798902971727,41.61512580608023,36.2493522114236,0.055216535433070923,0.02701408180860221,0.40566408810803734,0.4067707649914709,0.8093735601973302,0.8597775207184345,0.8525903409380609,0.07924631118326822,6.748250891220052,0.21947339667415774,0.331243482634036,0.1861906914338796,0.392930598502471,mixed,Semiconductors,0.1292573613444492,0.11461590924213172,0.5399056177612693,-0.2726594301221168,59.53209922502105,0.029527559055118058,1.0,3.0,107.21,8.495997021958186,109.48,103.5,109.48,3501103165.96846,-448.39,—,—,—,True
INTC,—,NO TRADE,No trade: weak closes,21.06649302267932,39.43538673199088,29.874793272174966,-0.0055833333333333846,-0.029837398373983803,0.3017344823824588,0.06033410342989143,0.856752864346336,1.0636020072419132,0.7419621814627438,0.051484687705772345,1.804757676249643,0.11239440895689504,0.2273138769084575,0.18934007342556378,1.0763308978984514,industry-wide,Semiconductors,0.06892999507322983,0.18295271262268908,0.4699637066909339,-0.1617140850017562,60.637253680645685,0.03337499999999993,2.0,3.0,119.33,6.143667783929814,126.0,118.96,126.0,630791506300.0,-56.29,—,—,—,True
MRVL,LONG,MOMENTUM,"Fresh breakout, group rally",19.07761167982658,41.517460892175784,26.55931470437683,0.015704267382870896,0.039532708496382796,0.30388354163673803,0.11929132239898066,0.8917230394127407,1.0784054812928552,0.5474043953471739,0.04776212393613809,1.8138360132284184,0.11460859121887967,0.22946293616273672,0.18927495041785836,0.6324979786209235,industry-wide,Semiconductors,0.10607296165669244,0.20096186331908128,0.6313284072156133,-0.174578634655026,64.99257891392632,0.03700387943897354,2.0,4.0,272.29,13.00514872657104,280.0,271.587,280.0,238867560000.0,89.660509,Buy at Mon 10/5 close (MOC),Close < $246.28 (entry − 2 ATR); re-anchor to actual fill,10 sessions,True
ESTC,—,NO TRADE,No trade: already extended (+51% in 60d); momentum decelerating,17.03660362242819,39.704526778903684,30.74345607356493,0.01765789188603617,0.06604630049931903,-0.022781649849162533,0.513696422816629,0.8656747072662665,0.8761877123192395,0.4073826340759338,0.04121703288521787,1.68527709063978,0.0015063546821252466,-0.09720225532316384,-0.02428800453128778,-0.23841525482096637,mixed,Application Software,0.061942901068838596,0.1365588665868147,0.4437958582700885,-0.13018518518518518,62.04912007790072,0.0029249268768281045,2.0,3.0,93.94,3.8719280692373665,94.5,92.58,94.5,9863405860.866232,26.30562,—,—,—,True
SMCI,—,NO TRADE,No trade: already extended (+55% in 60d); momentum decelerating; weak closes,15.554550392404257,40.368747432710755,32.044066418205006,0.04222328244274798,0.009939898289412774,0.15368365460786904,0.5470963172804533,1.1705148536175916,1.1705148536175916,0.6920232182423627,0.052378733708661626,6.773174063573961,0.026621520864171855,0.07926304913386772,0.12706213374369718,-0.059331482984631166,industry-wide,"Technology Hardware, Storage & Peripherals",0.08768173670583534,0.1965273593690089,0.3652037103293331,-0.25671997277985714,62.973725284321326,0.020395992366412097,3.0,2.0,43.69,2.2884268757314263,44.585,42.28,44.585,28696247330.96564,13.420778,—,—,—,True
CCL,—,NO TRADE,No trade: move not extreme enough,38.174486572717925,30.702061377840046,24.63546499238995,0.02752293577981657,0.1577528089887641,0.09710391822827935,-0.0359281437125748,1.0423210880549014,3.223488092634027,0.5191516372387102,0.03556766937150517,2.042442055778252,0.14467090788467282,0.15223014182436378,-0.047566989656393464,1.9149182355216783,company-specific,"Hotels, Resorts & Cruise Lines",0.12314970242636969,0.019366378321053146,-0.06256880166379475,-0.24302086394357914,63.55360635795106,0.020741922616673403,4.0,3.0,25.76,0.9162231630099732,25.895,25.22,25.895,34664048165.13761,11.248417,—,—,—,False
ACN,—,NO TRADE,No trade: move not extreme enough,37.60561755857839,35.28373515963737,35.92928246660954,-0.06311822892133778,0.12940775651581382,0.029929577464788748,0.43031784841075793,1.511897357502569,5.435867556541289,0.728053961410083,0.050095638004792525,1.639986207143888,0.09686160968205826,-0.04449102800921256,-0.06693203221726951,0.34196215138638264,company-specific,IT Consulting & Other Services,0.0733915990512708,0.10443183118018196,0.01523853128825814,-0.31670617334844886,59.06518575136023,-0.0060292039566650635,4.0,2.0,198.9,9.964022399153233,213.31,198.36,227.63,121739773071.447,14.665222,—,—,—,False
CDNS,—,NO TRADE,No trade: move not extreme enough,35.47120600992972,38.32928453217852,23.052992450156054,0.001767741567587633,0.07733112562475086,0.1524395243952441,-0.08964891825365973,0.7473176018596778,1.1851454503446552,0.4105052256546366,0.03521947871111069,0.7618537330242477,0.18122037954818335,0.0780189189212428,-0.02878085515293923,0.791662592908999,company-specific,Application Software,0.15756241439153018,0.10281216316911834,0.07877398955706272,-0.15680721879574733,70.80577123877498,0.0164514013628716,1.0,2.0,351.35,12.374363845148741,356.51,341.76,356.51,96800646375.06056,69.903705,—,—,—,False
GME,—,NO TRADE,No trade: move not extreme enough,34.38079653824671,35.34422180077009,25.576148659419683,0.024471173786810407,0.056006840530141044,0.2844513780551221,0.12528473804100226,1.330476277285694,1.391878686058269,0.45924188461238774,0.03538347522167015,2.6800333398744502,0.37601633285003866,0.33957760165120654,-0.09156495479491653,2.5719617921837226,company-specific,Retail & Internet,0.09653503806796726,0.20359812492081586,0.10943921665506307,-0.12099644128113884,67.63996978993572,0.0037328909166320923,3.0,3.0,24.7,0.8739718379752528,24.7,23.875,24.88,12458652195.0,16.377138,—,—,—,False
HPE,—,NO TRADE,No trade: move not extreme enough,29.168795385803875,36.959688683360504,38.40898222643241,0.07355218333849489,0.10152526215443292,0.27351212343864817,0.41172877214416603,1.128437812722206,1.1985524546978954,0.8318040372182971,0.054277740038633,2.1915582745317614,0.15976426400948202,0.19909151796464686,0.11374785942916617,1.2910402533318905,mixed,"Technology Hardware, Storage & Peripherals",0.1483229813664595,0.24412303054229612,0.8787115935175911,-0.013657703798549026,69.51043910668355,0.035614741406007955,3.0,3.0,69.33,3.7630757168784257,70.29,66.0,70.29,92046403961.17218,36.150798,—,—,—,False
WBD,—,NO TRADE,No trade: move not extreme enough,29.016545401821826,35.88116416875833,13.441708059962105,-0.0003231017770597422,0.0025923525599482744,0.09058864998237581,0.1618475403680062,1.2293379100602568,2.208264785468673,0.3764455276646681,0.010774462470460646,2.376050055820977,0.1946746727018709,0.11757753691128747,-0.10408602271949509,1.6124867404320702,company-specific,Communication Services,0.04980998914223678,0.09623015873015883,0.11785028790786956,-0.0009686793671294103,75.13693416378464,0.0,4.0,5.0,30.94,0.3333618688360524,30.96,30.93,30.97,77668612885.44524,-24.3,—,—,—,False
RCL,—,NO TRADE,No trade: move not extreme enough,28.981694291412797,35.70804827817519,24.80288747761588,0.028704766843216323,0.14437577255871448,0.04590472604029361,-0.03589280755345725,1.0469689842170966,1.389602711692151,0.4455973036784569,0.0369397302491412,1.2785255594288112,0.08615754538411768,0.10103094963637804,-0.040252819343824076,1.1905278207361767,company-specific,"Hotels, Resorts & Cruise Lines",0.09417966072314976,-0.015412233646569407,-0.031958036876145846,-0.22068520441089812,60.62279503090158,0.019204414978332585,2.0,3.0,277.74,10.259640679396476,279.5,271.56,279.5,74320916859.84851,17.153551,—,—,—,False
MPC,—,NO TRADE,No trade: move not extreme enough,27.62948663133478,34.77414611200353,25.26656524366971,0.005188623110793822,0.07321101849969502,0.08929354414381896,0.490751853159195,0.7184514964052169,0.8565848965852052,0.3701962423052924,0.03676603097743977,0.7718778598771476,0.13111469574406162,0.1171486973471616,-0.041821151600242655,1.6207570848764665,company-specific,Energy,0.05229979568445686,0.1556443593620791,0.6136658581079804,-0.020297856546348747,68.90836178718035,-0.010163037010591403,1.0,3.0,422.33,15.527397862702138,424.67,405.57,424.67,118569931500.0,14.54029,—,—,—,False
NTAP,—,NO TRADE,No trade: move not extreme enough,27.067599160712962,38.77299698591759,27.711113956344825,0.05217391304347818,0.12490989087474214,0.22057395619807973,0.31759156815932,1.9720245145504636,1.9720245145504636,0.4494247105058606,0.03711990121499578,2.577900286651328,0.10094407818662818,0.14615335072407842,0.11962987801145156,1.456945320086679,industry-wide,"Technology Hardware, Storage & Peripherals",0.14349679470171894,0.17647364671994348,0.6306607754268714,-0.024256667888484018,75.92374391132498,0.0064171122994651775,4.0,4.0,226.27,8.399120047917096,231.895,216.25,231.895,44449620015.69393,31.936486,—,—,—,False
COHR,—,NO TRADE,No trade: move not extreme enough,26.853065268807754,39.391420003972065,33.384135912356946,0.05592280459914156,0.13930297806172476,0.274687039068114,0.0299474391883634,1.290777786042799,1.7960633614917543,0.8803278082044609,0.06373823834113879,4.4256066497058475,0.2611377464395609,0.20026643359411267,0.013549292628553113,0.4406774162110013,company-specific,Information Technology,0.13018183037548092,0.13470707495113277,0.16613516359073044,-0.23399999999999999,60.6953733668701,-0.008223941852814942,1.0,3.0,337.04,21.482335850497417,338.36,315.43,338.36,66024842491.23706,81.805825,—,—,—,False
TWLO,—,NO TRADE,No trade: move not extreme enough,26.498701064502843,40.34397300605228,26.76716591339202,-0.022205994622763625,0.06809282088469892,0.22496673320026606,0.3475754803293687,1.420921238365814,1.5857481275129386,0.6041669797602288,0.047843960969200836,2.3924459194709264,0.2556072603738469,0.15054612772626474,-0.030640527173580824,0.9263506670586478,company-specific,Application Software,0.12642342018522634,0.24199248345373237,0.6727055094574466,-0.0371629351201177,65.73510210428817,0.0006638563414878007,2.0,6.0,294.58,14.093874022307181,305.66,292.06,305.95,45237115766.417725,40.990176,—,—,—,False
FCEL,—,NO TRADE,No trade: move not extreme enough,25.850477419407923,39.273028173801386,36.87011325842849,0.11466505733252852,0.12007277137659189,0.25903203817314235,-0.19695652173913047,1.2762485222993933,1.2762485222993933,1.0004211623758317,0.07835597386754004,9.627356661688816,0.3644903123898549,0.33339875906554306,-0.10545827421671254,0.4958134376827973,company-specific,Nuclear & Power,0.10934262290158858,-0.004505864091066125,0.28991706678306417,-0.5124076029567055,55.50565138902815,0.04103802051901018,1.0,2.0,18.47,1.4472348373334645,18.54,17.2,18.54,1478353158.0,-5.38,—,—,—,False
URI,—,NO TRADE,No trade: move not extreme enough,24.806342947178532,35.61165145635991,23.48878901184845,0.045382019320961975,0.032452772524974804,0.08770764788151353,-0.007008551719070111,1.2794769522608267,2.61757668962344,0.3135013244306898,0.03116543283907913,0.9918640800096397,0.05574110897143613,0.11411690544338349,0.0319665389100774,1.5127053265455734,mixed,Industrials,0.06058710791736743,0.015178660137709743,0.14057649629975222,-0.08322732746484851,59.56138511192033,0.014099080368626282,1.0,1.0,1081.04,33.6910795163581,1081.49,1048.69,1081.49,67262668837.5,25.973115,—,—,—,False
VLO,—,NO TRADE,No trade: move not extreme enough,24.317803707509096,36.45300243242467,25.316377405448982,-0.005288155510943415,0.04938271604938271,0.09606409668456117,0.44462222222222225,0.650863940821457,0.9008731213467671,0.3834274198419697,0.03900150944621197,0.898488797307826,0.13885247007633844,0.12391924988790382,-0.04278837339177726,1.5347293875507175,company-specific,Energy,0.03867883528900484,0.14423500441021897,0.5609440503559091,-0.030396809449466766,65.54138753833907,-0.011433188072271339,2.0,4.0,406.3,15.846313287995923,410.407,389.61,410.407,116990686792.0438,16.853886,—,—,—,False
ONTO,—,NO TRADE,No trade: move not extreme enough,23.357008929835455,40.390472549613435,29.60404955305857,0.0409362296747966,0.1395146711166737,0.2983046819298105,0.033909532521607444,1.2243261310228586,1.2243261310228586,0.6561915170981506,0.047573231394000326,2.077486775454097,0.10886067515719677,0.2238840764558092,0.18944400677261375,0.6384215919413199,industry-wide,Semiconductors,0.17428517177015146,0.15963369486459578,0.2924269192453002,-0.15186565233141847,67.5643040486126,0.044493140243902385,3.0,3.0,327.77,15.593078054011487,339.035,325.8924,339.035,16083593844.633013,122.668413,—,—,—,False
ON,—,NO TRADE,No trade: move not extreme enough,22.95829995964932,40.97872619138958,27.181122891616834,0.060064935064935154,0.09961139896373061,0.15261371350984376,-0.13262491059568815,1.9693577333185064,1.9693577333185064,0.6544476558377799,0.042568500698037144,5.884311554742726,-0.04124517109367806,0.07819310803584245,0.19385888460352182,0.12658741409523022,industry-wide,Semiconductors,0.1505126415439555,0.10757098944226118,0.05512529379814035,-0.37081233323450924,65.49416747357476,0.05831668331668327,1.0,1.0,84.89,3.613640024256373,86.45,82.96,86.45,33048695680.0,54.661945,—,—,—,False
ECHO,—,NO TRADE,No trade: move not extreme enough,22.842738890459565,36.26984620297944,28.229981881989413,0.06798866855524088,0.04594384640994331,0.049671455618665705,-0.037872601061657796,1.487870141670505,1.487870141670505,0.3554016531975548,0.03261365472529029,1.70001330320583,0.15061000184864465,0.07666034254757736,-0.10093854622997893,0.4975976913699217,company-specific,Communication Services,0.023583138300471873,0.05288322435852311,-0.13315278998338498,-0.359940781789042,57.5939478762428,-0.0061189801699716995,1.0,1.0,94.25,3.0738369578586098,94.575,87.71,94.575,27418117573.610847,-3.78,—,—,—,False
NU,—,NO TRADE,No trade: move not extreme enough,22.789598308187024,35.81886372612442,33.09067465277701,0.010534236267870645,-0.011773362766740236,-0.1434948979591837,-0.017556693489392816,1.0205066308077857,2.056412285464106,0.4959760041800784,0.041356609746781424,1.6153643807558598,-0.03708830523665728,-0.05691702910672469,-0.10640659272252641,-0.3534673522704282,mixed,Crypto & Fintech,-0.03447284230202374,-0.057702562375459565,-0.08649088021331086,-0.2924130663856691,45.45243586868827,0.0022573363431153126,1.0,2.0,13.43,0.5554192688992745,13.5,12.95,13.5,64849256048.956,18.068075,—,—,—,False
AAOI,—,NO TRADE,No trade: move not extreme enough,22.770557034704357,41.68373218656428,34.036742720682255,0.07705926202012692,0.13994082840236688,0.1515242080095638,-0.05416905326896315,1.522111348090983,1.6365484335518077,0.7508852149348918,0.0736000051377465,13.033363837547979,-0.04236769191214834,0.07710360253556248,0.19389189992171213,-0.17466112432896624,industry-wide,Semiconductors,0.12032953719408779,0.0399572465019864,0.062498420132226284,-0.5053280267043265,57.517343849187,0.02730152814014164,1.0,1.0,115.59,8.507424593872118,117.7,106.32,117.7,9809224839.0,-148.34,—,—,—,False
PSX,—,NO TRADE,No trade: move not extreme enough,22.191231718098066,35.88112806376922,26.505197693324128,0.0013246035650757992,0.034525904203323465,0.038953899316735985,0.39384680223369495,0.6149819305525777,1.0546952612751261,0.28674578493714253,0.033053100227100174,0.5154653514476683,0.07358367308453823,0.06680905252007863,-0.034629773767802234,1.0986925907259515,company-specific,Energy,0.016930911886230415,0.09946369043809833,0.4378023328829217,-0.0452511547344111,62.92289688206314,-0.010275139083374407,1.0,3.0,264.58,8.745189258086164,267.27,255.8,267.27,105586941915.0,15.059565,—,—,—,False
PL,—,NO TRADE,No trade: move not extreme enough,22.021537267009524,32.99515942504293,31.56719539166801,0.08426270136307301,0.004016064257028162,-0.04632152588555871,-0.3566176470588235,1.1274923347492114,1.1274923347492114,0.5703207980115201,0.05971814715310133,4.123291370402585,-0.018711116359331578,-0.019912268323688753,-0.027610409526227134,-0.04785352372640139,mixed,Space & Drones,0.04002614922889469,-0.11650073709081366,-0.3598817793091844,-0.6619010819165378,46.6166135644106,0.025402726146220633,2.0,1.0,17.5,1.0450675751792733,17.73,16.33,17.73,6366284337.785478,-15.91,—,—,—,False
FICO,—,NO TRADE,No trade: move not extreme enough,21.985577796855978,40.60234764409429,46.81065899717191,-0.000755572346052169,-0.2338574192726135,-0.40903363034327445,-0.4831602066577564,1.806413651396813,10.974805958976848,1.351105895753478,0.08920745193006656,7.619046969777253,-0.39464952274773313,-0.48345423581727576,-0.014384107595541321,-2.838531665515849,mixed,Application Software,-0.24437293523833248,-0.35702839673754516,-0.45739429209977167,-0.6690457004719697,25.99625652656323,-0.07215715904797881,2.0,1.0,661.25,58.988427588756515,675.5,609.0,853.545,14276253101.663183,19.106136,—,—,—,False
ILMN,—,NO TRADE,No trade: move not extreme enough,21.921179765473575,35.517335684220484,23.515894478685954,0.02754779467108226,0.011259259259259302,0.23179644500586494,0.4091659785301405,0.6892221656320731,0.7518260041395582,0.5218927802792837,0.0410061073483964,1.8781403973509934,0.19991986349577456,0.27265988723142176,0.031876581510090374,1.9584273323892374,company-specific,Life Sciences Tools & Services,0.13103831089883688,0.24738054197825687,0.6781466632821829,-0.025431442185854802,70.4210690136321,0.0007150383862712939,2.0,4.0,273.04,11.196307550406154,274.97,265.39,280.165,41218470000.00001,50.884288,—,—,—,False
S,—,NO TRADE,No trade: move not extreme enough,21.876584576202465,37.61832164839812,30.621719135267156,0.015808674503445364,0.11974977658623764,0.2656565656565655,0.3287380699893956,1.2646883339724746,1.2646883339724746,0.6288089777414216,0.04493651279703599,3.253168160141768,0.2973404218674873,0.19123596018256417,-0.03168385621092183,1.290079980260812,company-specific,Application Software,0.11150536680564183,0.1650286840661639,0.5019478573569074,-0.026796116504854472,65.39309417770696,0.010133765707336817,4.0,4.0,25.06,1.126109010693722,25.75,24.92,25.75,8720370583.38347,-24.81,—,—,—,False
RVTY,—,NO TRADE,No trade: move not extreme enough,21.855341723097776,37.06400188793174,23.716664836593893,0.016570508520058924,0.002779432201707177,0.15999387583250413,0.34156706507304113,0.5419392099084073,2.032225199964628,0.4719866338111901,0.0324239708189555,1.1081789820232664,0.22736395110255522,0.20085731805806095,-0.0673700752700511,1.8832284665465477,company-specific,Health Care Equipment,0.07503919746298404,0.18552861761088568,0.4260761213891655,-0.04264594389689158,68.97542880963509,0.005903662954514832,4.0,3.0,151.53,4.913204298196327,153.375,148.55,158.28,16902549508.114328,71.965236,—,—,—,False
DDOG,—,NO TRADE,No trade: move not extreme enough,21.837987089077863,41.268560230677636,24.023395965176192,0.002749041452651646,0.03390146570693342,0.29083628236170633,0.030557620817843967,0.5989597254352574,0.9448556334468928,0.3974652386961573,0.04274014742949954,0.579145478104446,0.32316577233429844,0.21641567688770502,-0.03232948997259211,1.0806046352972114,company-specific,Application Software,0.13562510689242369,0.13307291975340707,0.49983715064485157,-0.052951626127357154,70.59305367872417,0.01392606525356288,1.0,3.0,277.22,11.848423670405863,282.0,274.575,282.0,99593155717.6,566.332993,—,—,—,False
AMAT,—,NO TRADE,No trade: move not extreme enough,21.124670924145327,41.895095469921465,24.275890258298325,0.02029095031173256,0.11348453608247411,0.23887958523548414,-0.08259436686712196,0.9593677672976281,1.1269296001000968,0.4970687513181589,0.03616395693928697,0.7661844271932379,0.03395860143637647,0.16445897976148283,0.20492098379910767,0.6045006212587931,industry-wide,Semiconductor Materials & Equipment,0.1515448749386954,0.10867722021831105,0.26280829750916057,-0.2698906269011857,69.18127963064968,0.02627054600415657,2.0,3.0,540.04,19.529983305492536,547.25,535.1,547.25,428574361505.7621,46.566413,—,—,—,False
ACMR,—,NO TRADE,No trade: move not extreme enough,20.977218465488217,41.23446282834802,30.589333724780733,-0.0023929169657813665,0.07865459249676587,0.20109478536444825,-0.21369294605809142,1.1314436290695122,1.692271711816232,0.6791511830145396,0.05871526563718307,1.8143738260455164,0.0087050241504599,0.12667417989044694,0.19238976121398835,0.12222793353194004,industry-wide,Semiconductors,0.12399991911730002,0.08929814866346053,0.24388212657895503,-0.34444531802814693,60.49502857637911,0.0300311079205553,3.0,2.0,83.38,4.895678848828324,86.2,82.6312,86.2,5808047455.12,39.606688,—,—,—,False
LITE,—,NO TRADE,No trade: move not extreme enough,20.93649501568111,41.60896210535158,33.94729009448418,0.037904721834420396,0.15267880847448634,0.28092804796015924,0.3813456863967828,0.9808690628810021,1.643883336129726,0.7804915429462802,0.06102080288258838,5.279657593272328,0.1900987708465139,0.20650744248615793,0.09082927711364537,0.5329198568993017,mixed,Communications Equipment,0.1525851720218132,0.23479921799765768,0.45610302215294385,-0.005670523355410628,66.67582372388857,0.007152555986918774,1.0,3.0,1085.42,66.23319986481908,1091.61,1037.2444,1091.61,97362176854.2378,-13.2,—,—,—,False
CAMT,—,NO TRADE,No trade: move not extreme enough,20.474909882551753,40.58061393277868,29.82296407988032,0.07412705637557715,0.12335940156409375,0.18927285817134631,0.13641992294991723,1.4883364389366074,1.4883364389366074,0.6168601401684729,0.04751674501956313,1.1994355899734723,-0.0034751432606148214,0.114852252697345,0.19274800143196114,0.2675215679455307,industry-wide,Semiconductors,0.1222489817963186,0.11947758164650413,0.06097149959769599,-0.2351960738923099,63.52137531615184,0.02874049027895187,2.0,2.0,165.19,7.849291109781633,165.995,157.72,165.995,7718453597.999999,273.448105,—,—,—,False
FRO,—,NO TRADE,No trade: move not extreme enough,19.577086001499552,37.03702474396609,24.73656882820498,0.02328288707799775,0.10496543054682594,0.16116248348745055,0.4425601750547046,0.9562023223725578,0.9562023223725578,0.3836605950072275,0.03540308950187296,1.7020029377018546,0.1678918016740555,0.1875717410493205,-0.006729318186604975,1.2017302878059979,company-specific,Shipping & Transport,0.0650672482733552,0.18165808541815132,0.4624366734972869,-0.039519213258058516,68.26064761970808,-0.006790842064416047,1.0,4.0,52.74,1.86715894032878,52.88,50.8,52.88,11740023905.0,7.898284,—,—,—,False
ARM,—,NO TRADE,No trade: move not extreme enough,19.41064018606298,41.008165929278704,31.54747817347314,0.05182321953889324,-0.009119618458365508,0.2675295766519643,-0.06215878244426143,1.0073531883336446,1.7170095372182772,0.9476791958202052,0.06186676306465585,0.5526553282282114,0.07715299093153705,0.193108971177963,0.19037658572042726,0.5300895108355684,industry-wide,Semiconductors,0.0915590455026305,0.15693822426217885,0.42496867284065054,-0.3207643030704661,58.52033526379294,0.049377437230621934,3.0,3.0,307.49,19.023410974751027,318.3623,303.12,318.3623,328367285258.603,315.439064,—,—,—,False
KEYS,—,NO TRADE,No trade: move not extreme enough,19.333876470316184,38.34411532443048,20.876485665642388,0.02877928747191616,0.062101339224078345,0.19223854689727848,0.19390383958779522,1.2179542469157674,1.2727073980347126,0.3775464137564371,0.028680948366564478,0.7373773091720756,0.22371153710478608,0.11781794142327717,-0.0314729902075076,1.2732383192017391,company-specific,Electronic Equipment & Instruments,0.11845166092863124,0.15125139925652342,0.2714077376584467,-0.008480655912318169,74.03974728865705,0.018321386541136242,1.0,3.0,384.64,11.031839979715361,387.9299,378.24,387.9299,65442177999.99999,52.979987,—,—,—,False
MDB,—,NO TRADE,No trade: move not extreme enough,19.235369018086036,41.507142102187736,39.387823822330944,0.017712449890540993,-0.12786278140532115,-0.06890362856028098,-0.01353101661752154,0.8623792161360004,8.785251841003143,0.9023871479351655,0.07533799747386843,3.3482935800067954,-0.04579823886773983,-0.1433242340342823,-0.023105389692541153,-0.5864881488291188,mixed,Application Software,-0.0527452287955289,-0.08138597904915401,0.04401602597848786,-0.2433734939759037,43.53507960803174,0.004364142950558536,3.0,2.0,357.96,26.967989575745943,360.83,336.36,370.4295,28831116645.931644,505.165114,—,—,—,False
U,—,NO TRADE,No trade: move not extreme enough,19.23491547583427,37.54285881175976,30.2919053942177,0.0,0.049578820697954384,0.03635931558935357,0.4191343963553531,0.8072074638120658,1.2531842154046005,0.46867781457523894,0.04775846737497427,1.8795814028526048,0.06216375513188535,-0.03806128988464774,-0.02580443954253178,-0.029872334791699623,company-specific,Application Software,0.03105457898407682,0.05527297717164581,0.3662366305553293,-0.1637583892617449,56.66086236672572,0.020408163265306145,4.0,2.0,43.61,2.082746762222628,45.38,43.43,45.38,19192281290.0,-32.03,—,—,—,False
MPWR,—,NO TRADE,No trade: move not extreme enough,19.208844978977446,39.25523471047692,23.560989067358857,0.057870489430332794,0.05287290757113716,0.18628105302187614,0.047739296864197645,0.9757452031845731,0.9757452031845731,0.5326177584047125,0.038000301752677844,1.4362269295728791,-0.006557609172190171,0.11186044754787483,0.1928386621940663,0.5510040684199815,industry-wide,Semiconductors,0.13100961538461542,0.10363623583027537,0.12188782115312935,-0.16006155803146616,66.32955139694761,0.03308669551863752,2.0,4.0,1439.73,54.71017444238287,1455.99,1393.132,1455.99,70752651390.0,88.2274,—,—,—,False
META,—,NO TRADE,No trade: move not extreme enough,19.15223594740383,32.69744133532665,26.48391254384716,0.0029617180719905267,-0.031370566479525186,0.1922447108141745,0.15297396592132761,0.5400678517551109,1.2185451256248747,0.5519344562170866,0.03490682076783145,0.5088926293952784,0.20737638436359296,0.21923359774308615,-0.015131673549418467,2.62891651936871,company-specific,Interactive Media & Services,0.04621596669145411,0.1648545675680606,0.15865743863470416,-0.06634768674585079,61.49084381104692,0.01008361687766035,4.0,4.0,728.08,25.414958064642722,741.58,726.2,750.576,1854763942788.12,27.425351,—,—,—,False
LRCX,—,NO TRADE,No trade: move not extreme enough,18.612335572319562,41.536050562720376,28.991643965812123,0.02172890326374599,0.10240791853050357,0.1873505091232146,-0.016082906249115125,0.7811260231504473,0.9889022090198484,0.5768915303850974,0.0398251890329225,0.5963516105678176,-0.03045274370396045,0.11292990364921329,0.21780325282717505,0.2394706193773733,industry-wide,Semiconductor Materials & Equipment,0.1377317069577162,0.13540345394769093,0.26329497168683647,-0.20754846066134547,67.63390255385852,0.02910908556306957,3.0,3.0,347.49,13.838854937050241,352.56,344.77,352.56,434807374894.33246,60.315559,—,—,—,False
SWKS,—,NO TRADE,No trade: move not extreme enough,18.498996258930514,39.268417176662666,26.572556093363698,0.022486772486772555,-0.04824266845757785,0.1892307692307693,0.41834862385321103,1.2051022180839195,1.2051022180839195,0.829712115238165,0.05245090751483596,5.804109707389365,-0.0035185076236335655,0.114810163756768,0.19274927685440288,0.9813366159703453,industry-wide,Semiconductors,-0.005409831271749099,0.14552768639242974,0.2925104922423529,-0.08372746091321215,54.7059884439303,0.009139009139009113,1.0,4.0,85.03,4.459900665986502,86.535,82.08,89.875,12797728650.0,44.045584,—,—,—,False
RXRX,—,NO TRADE,No trade: move not extreme enough,18.35173040773705,37.97499578608979,32.968083023846894,0.01228501228501222,0.10160427807486627,0.1976744186046513,0.09574468085106402,0.8895579307177904,1.6501863327626938,0.8572616547216282,0.05850851986867484,3.513145912910293,0.2623240966508771,0.23853786083020811,-0.06464967804622579,1.265214715737056,company-specific,Biotechnology,0.12483789502423037,0.2052774771085042,0.15318139515355944,-0.42618384401114207,61.89544229618261,0.027027027027026973,2.0,3.0,4.12,0.24105510185894036,4.27,4.01,4.29,2214799733.31204,-3.98,—,—,—,False
CRWD,—,NO TRADE,No trade: move not extreme enough,18.348594615578833,41.11556127914795,28.90440538562063,0.014844601450637152,0.07103478364335869,0.2561752802716659,0.36108870967741935,0.5372983854784568,0.772067204868657,0.5642947809132515,0.04237523545931963,0.572012980347259,0.2538802269280296,0.1817546747976646,0.002295053343636311,1.0017780747534992,company-specific,Systems Software,0.11456207294347331,0.22858596143539467,0.7587420344247182,-0.012777519228793555,68.74572064673022,0.012815212897891781,3.0,4.0,270.04,11.443008583434674,273.5351,267.6722,273.5351,276534073027.45306,7564.145658,—,—,—,False
DOCN,—,NO TRADE,No trade: move not extreme enough,18.073353595373256,37.22252460942478,31.886309634323993,0.0019313304721029212,0.002289803220035802,0.28034734917733073,-0.005467196819085585,0.7054445417502795,0.7054445417502795,0.7725122485499418,0.06491806294460217,1.6678873958156148,0.31240789214519527,0.20592674370332942,-0.03206054296786453,0.7290558255671103,company-specific,Application Software,0.05712409717662492,0.1229172278446915,0.3288050051939797,-0.2529600000000001,58.099580301365435,0.014806866952789655,3.0,3.0,140.07,9.093073076650425,149.78,139.21,149.78,16471782200.0,63.85685,—,—,—,False
SHOP,—,NO TRADE,No trade: move not extreme enough,17.805413450682313,38.62656464792994,26.661175969631152,0.015426923334898257,0.06425307557117743,0.03777077049629818,0.2291142323617763,0.5465430691322573,0.8244462627383888,0.5796681193657525,0.042525566281370615,0.4454825512542521,0.06361140119029007,-0.03664983497770313,-0.0258406306939919,0.07814778521284459,company-specific,Application Software,0.09360552473416561,0.0756760367032967,0.1686074628311578,-0.16905428398924205,61.14109641293809,0.01797571936414255,4.0,2.0,151.39,6.437945479336697,153.01,150.28,153.01,194785017598.76,102.124933,—,—,—,False
NET,—,NO TRADE,No trade: move not extreme enough,17.71566244758066,39.05774343986806,27.679864649170177,-0.005498575498575464,0.00014325826600192215,0.2269164528487575,0.2656635242929659,0.9090318818580464,0.9090318818580464,0.5772684531257462,0.04588470556630454,0.796770242097884,0.2576069728338381,0.1524958473747562,-0.0306905199850806,1.0977014009910884,company-specific,Application Software,0.04931072006156323,0.1343503393269614,0.4841039276650798,-0.04996870152137822,60.30886123627515,0.002279202279202419,2.0,4.0,349.07,16.016974172029926,354.58,344.51,357.6399,124243412664.8,-598.95,—,—,—,False
VEEV,—,NO TRADE,No trade: move not extreme enough,17.402974648240022,38.145532286171616,25.003350762372683,-0.030504025822012615,-0.02618640444634468,-0.038856459666643306,0.44085397996837106,0.70623816960663,1.1464418641317429,0.30339235803365533,0.03362390555258559,0.6681425986202125,-0.005740627948102782,0.002006982558913517,-0.033115831718540524,-0.18738219774611398,mixed,Health Care,0.013649200165399833,0.09011853987210361,0.35832550216001247,-0.11971014492753629,55.92641269309812,0.004149966303692354,3.0,2.0,273.33,9.190422104688219,284.59,272.835,291.4,44241634250.0,44.969645,—,—,—,False
HALO,—,NO TRADE,No trade: move not extreme enough,17.31796537222418,37.034716351762036,25.353332105064574,0.027305030858425283,-0.03546971027216861,-0.008125677139761645,0.39735436275756797,1.0344134510907164,1.4953723495777116,0.2905493283371177,0.027909211360017953,2.290592702172698,0.052145275465093656,0.03273776508579518,-0.0602709526048553,0.30651265905165354,mixed,Biotechnology,-0.0033747006313957773,0.06729309173999076,0.40256716006322124,-0.05978005049424451,53.16961253977299,0.0001870207593042128,0.0,2.0,109.86,3.0661059600115723,109.99,106.65,114.52,12467755755.054722,32.823424,—,—,—,False
NXT,—,NO TRADE,No trade: move not extreme enough,17.296383889634857,35.43049923227239,29.729738095939158,0.060644187216909895,0.042671614100185495,0.009580838323353325,-0.2520628160766569,1.0495391224922757,1.0993059661003248,0.45956289959566304,0.046667120879243844,1.4331692898942034,0.0990520261694472,0.06470706191943776,-0.08947118784609387,0.3609110684309098,mixed,EV & Autos,0.0348129234999508,-0.049658982019051945,-0.21763359219638245,-0.48323423036841784,51.23338163875874,0.0318319073980875,1.0,1.0,84.3,3.934038290120256,84.89,81.87,84.89,12796868397.420004,21.849001,—,—,—,False
CIEN,—,NO TRADE,No trade: move not extreme enough,17.258820709387653,39.42008834278105,32.73765623639688,0.0321780872500923,0.09646689641646344,0.2327222327222327,-0.1535666392698014,0.8772372045913795,0.9260554236698323,0.5987137362418369,0.056275166743377784,1.7794942493071668,0.132251792561002,0.15830162724823138,0.10047044016123068,0.5670640922728377,mixed,Communications Equipment,0.11825965947001671,0.04646604453804826,4.139794206237113e-05,-0.3861429624633339,59.00398822400218,0.01545603207258539,1.0,3.0,391.34,22.02272375335346,395.96,377.03,395.96,55498370240.0,87.325389,—,—,—,False
A,—,NO TRADE,No trade: move not extreme enough,17.195404758719715,36.131652500537136,22.64737078482685,0.006599472042236654,-0.028994733491521485,0.11868249099880002,0.25593233026424134,0.9269606947692073,1.1204484044660443,0.33438059537913345,0.029143917108237216,0.8123023881899344,0.07266666523782653,0.15954593322435684,0.04601582576097349,1.7887941292841087,mixed,Life Sciences Tools & Services,0.05084490987210488,0.09996879335167264,0.26314775094502707,-0.05235809093476429,61.16075636258289,0.009419246460283137,1.0,2.0,167.78,4.88976641242004,170.24,166.33,177.05,47282312590.0,33.033411,—,—,—,False
OKTA,—,NO TRADE,No trade: move not extreme enough,16.649933504575227,41.01255653492004,29.78144172785484,-0.005361425951182719,0.0835083764537119,0.24099284121582,0.42092179521633977,0.5218633122734646,0.874944701946096,0.5792473232464994,0.04478854050631353,1.1844229240194257,0.2720442942359535,0.16657223574181867,-0.03105145302013349,0.8652471002885899,company-specific,Application Software,0.10687617185915599,0.28367530887052506,0.8860146737096075,-0.023546793480770045,68.44143977565423,0.004091614541692268,4.0,4.0,211.49,9.472328431680248,216.59,210.38,216.59,36978137920.0,127.76536,—,—,—,False
GTLB,—,NO TRADE,No trade: move not extreme enough,16.288876221458338,40.29857246778297,30.979679515040715,-0.0034034034034033933,0.0626534315295122,0.009531535185560713,0.4701712935617248,0.6877043304227958,0.8766355733772456,0.4163394030379984,0.04215881220762044,1.7917533169755935,0.034648082922867036,-0.0648890702884406,-0.025116547737306323,-0.02158058612457933,mixed,Application Software,0.029357788679752694,0.14559768763246983,0.5403478778830275,-0.10387038703870377,61.19785543098633,0.018018018018018056,2.0,3.0,49.78,2.0986656716953456,51.25,49.0,51.25,8297427586.234245,-159.35,—,—,—,False
FFIV,—,NO TRADE,No trade: move not extreme enough,16.246521907057854,37.415510315515014,24.205667349152865,0.023350162279120124,0.024782196542229018,0.15782226188958326,0.05512176984569628,1.1559355073441369,1.2038682464056054,0.3293665423353893,0.03011212259096407,1.118181721858047,0.0423718275618227,0.08340165641558195,0.11545043432776056,1.258787093678456,industry-wide,Communications Equipment,0.05675729773259408,0.1036208701113781,0.31577679523412017,-0.01722943722943715,64.19161230890211,0.005521997836278381,2.0,3.0,454.04,13.672108141201328,459.88,446.13,459.88,25718375424.0,36.169552,—,—,—,False
SEDG,—,NO TRADE,No trade: move not extreme enough,16.23169362074384,38.744463726377276,32.90272858707618,0.07191448007774537,0.012545899632802948,-0.021005917159763077,-0.39572680788896997,0.7931256902515711,1.0830674754219685,0.6380929731879442,0.0717627102193126,4.1048064389248085,0.06628050243753676,0.03412030643632136,-0.08728641959729984,0.008383692561514697,mixed,EV & Autos,-0.029234447655229978,-0.04321023351568909,-0.21568627450980393,-0.5927384615384614,47.336873554411916,0.027534823453190693,1.0,0.0,33.09,2.3746280811570544,33.34,31.57,33.34,2035888722.0,-7.34,—,—,—,False
PANW,—,NO TRADE,No trade: move not extreme enough,16.17341570459134,39.39098151630678,30.723788181580318,0.017640378548895885,0.0760527298927256,0.21479785503404236,0.19192456622624232,0.7701697598272718,0.8787810164096627,0.5474094846837501,0.04278430565923104,0.6000632029339853,0.20422731664288135,0.14037724956004105,0.010570538391161021,0.9765535721420601,company-specific,Systems Software,0.08698963122305203,0.1143511538138422,0.6107690319627246,-0.015286935286935255,62.60250427871585,0.0181451104100947,3.0,4.0,403.24,17.252343414028324,409.5,399.95,409.5,329907580000.0,1003.583873,—,—,—,False
POWI,—,NO TRADE,No trade: move not extreme enough,16.004208691670133,42.0536823335389,31.88189825701253,0.057475728155339745,0.04289544235924936,0.07756232686980602,-0.23111675843569102,1.1680863601711264,1.3209609262523845,0.4636192167950705,0.04634414049760572,1.5993095091931209,-0.11857084217735331,0.0031417213958047085,0.19613316904715933,-0.23574024120385983,industry-wide,Semiconductors,0.07600814020113411,-0.01309828424799031,-0.05904834471727605,-0.40271072378825734,56.110210346209115,0.03961165048543691,1.0,1.0,54.46,2.5239018914996074,55.86,53.03,55.86,3042859918.0,121.888988,—,—,—,False
BE,—,NO TRADE,No trade: move not extreme enough,15.922781878544221,38.49914492436545,33.02135682890543,0.0416816773542763,0.0015587114651887113,0.2275525366164295,0.1250097268695043,0.7194470285316557,1.4016618487360442,0.8996971634810951,0.0723629013833829,4.379262751815592,0.3303875190367493,0.3019192575088302,-0.1028349824203198,0.6681644038151696,company-specific,Nuclear & Power,0.062229414368659475,0.22440355053739913,0.3940052231203828,-0.17686745616032795,58.7085679153486,0.0231284674688379,2.0,3.0,289.15,20.923732935005166,297.59,283.1,302.354,85192032470.60846,393.991007,—,—,—,False
CTSH,—,NO TRADE,No trade: move not extreme enough,15.885392166888673,38.320539075442305,34.96799132110493,-0.03892904073587389,0.020582592011163525,-0.09483292079207928,0.3481566820276498,1.0272814736742446,2.1414872179549604,0.47188053546575087,0.04161155182821667,1.5544421445994223,-0.06948838799376578,-0.1692535262660806,-0.0253445327983135,-0.4471061539419025,mixed,IT Consulting & Other Services,-0.018165037546671314,-0.006275528834314148,-0.04039689617351916,-0.3277030908881995,48.08925872769956,0.0034494086727989703,3.0,1.0,58.51,2.4346918974689573,61.09,58.21,64.74,26355492089.129776,12.556602,—,—,—,False
KLAC,—,NO TRADE,No trade: move not extreme enough,15.682226227944994,41.43141495801538,27.076827730968112,0.03274596915090089,0.10094721157939546,0.196310859257546,-0.09859707215057523,0.7715154705994635,0.9233365808004153,0.4921003737841342,0.03692301227350906,0.5636962168872269,-0.01925230603604622,0.12189025378354468,0.2155631652935922,0.359734082881987,industry-wide,Semiconductor Materials & Equipment,0.12172588227001868,0.10507064461475002,0.16354130028903802,-0.3269118465662224,67.22661353600532,0.037338391653771286,3.0,3.0,206.89,7.639002009266289,208.68,204.06,208.68,270058769400.0,56.516513,—,—,—,False
GNRC,—,NO TRADE,No trade: move not extreme enough,15.57122858431903,36.32993774932946,27.214750600528713,0.042758886056466716,0.041606610934947774,0.18456999235056282,-0.08081065038582214,0.7666151474698435,0.8874885643573472,0.731142914288667,0.04578311051976863,1.8856803691766826,0.16067531547957287,0.21097924991243278,0.02389467687098996,1.7127025343150188,company-specific,Industrials,0.10041824014293255,0.07966837049756381,0.019822565926260527,-0.26865470246930234,60.74899684762807,0.018469530085132968,0.0,3.0,216.8,9.92577836068584,218.5925,211.0159,218.5925,12805072603.944344,49.975796,—,—,—,False
RKLB,—,NO TRADE,No trade: move not extreme enough,15.514850668900976,34.946391591256344,32.31414522950051,0.049105875674141375,-0.00040567951318459805,0.15843911612599904,-0.10454270139309507,1.2844363153511997,1.2844363153511997,0.5489159089419985,0.05483226250822649,4.484728135547907,0.20466412947145868,0.184848373687869,-0.046225013345459656,0.8595283011477304,company-specific,Space & Drones,0.09027352709090786,0.05962695168032295,-0.09204749308932925,-0.5104632519624185,58.40971762072767,0.02306273062730635,4.0,1.0,73.92,4.053200844608102,76.0899,71.45,76.0899,44238163200.0,-264.38,—,—,—,False
GEN,—,NO TRADE,No trade: move not extreme enough,15.40771694026047,38.455366380208076,34.25791366106114,-0.01168539325842699,0.017113783533764915,-0.29811682093839775,-0.15390534821085033,1.0320070323550805,2.284125742194783,0.6301261518311131,0.05628883336513602,2.032340711364074,-0.4112702945240468,-0.37253742641239906,0.11315347358564905,-3.0729178006870086,mixed,Systems Software,-0.18294552041242873,-0.21449136619205145,-0.1061048284160292,-0.3051188629102849,28.29200429431583,0.007191011235955003,3.0,1.0,21.99,1.237791445699341,22.875,21.9,22.875,13165921829.140898,12.764846,—,—,—,False
CRM,—,NO TRADE,No trade: move not extreme enough,15.335569794655363,39.81408456090448,33.42237898788763,-0.00844987113946516,0.0028630031621228458,-0.11246832810195517,0.44424615384615374,0.6327661639107254,1.007117888710327,0.35261706753337435,0.03752521419030732,0.9605629158060968,-0.09047998198740567,-0.18688893357595648,-0.021988346114549508,-0.6311077867772447,mixed,Application Software,-0.026721712246535634,0.06647411452066154,0.17049275006695597,-0.12790308795659777,51.35189465999372,0.005999408509020254,1.0,2.0,234.69,8.806792518323224,239.0,233.17,239.45,193084034956.0608,21.389902,—,—,—,False
TXN,—,NO TRADE,No trade: move not extreme enough,15.231613312908229,39.55329222600605,22.98269014047973,0.044399417013259335,0.05656848994857411,0.15746759642280272,-0.0477425209866138,0.8670541624325248,0.8670541624325248,0.27423759750019766,0.02772757362148266,0.5532060294684467,-0.03624420081972035,0.08304699094880141,0.19371179724252308,0.8303711030825243,industry-wide,Semiconductors,0.08863400147102696,0.08597780140134748,0.1808356562530331,-0.12043828398646816,70.3665035857648,0.030891187657744013,2.0,1.0,293.8,8.146361129991606,297.0644,288.2035,297.0644,268321394880.0,44.695967,—,—,—,False
ADI,—,NO TRADE,No trade: move not extreme enough,15.203487874421723,38.28940374325198,23.86511235223157,0.031018289668808485,0.059832317073170715,0.17012622720897608,0.05972462148155677,0.8000679496554992,0.9595534135414945,0.3285798424616321,0.027102683258793076,0.5427409060522821,-0.023201975161238703,0.09570562173497477,0.19332820237021478,1.2136143677202254,industry-wide,Semiconductors,0.09772704845235358,0.11098416178422199,0.16025333379875106,-0.06449732008701314,72.07570897091357,0.027212061295106338,1.0,2.0,417.15,11.30588432140553,421.6999,414.0,421.6999,202153443888.2537,49.502777,—,—,—,False
TSLA,—,NO TRADE,No trade: move not extreme enough,15.134569475838214,34.5195897705854,27.68288864198647,0.04653921097963898,-0.00408481363037827,-0.01534414730381417,-0.08845160496863869,1.4358778637127037,1.4358778637127037,0.3899175138272303,0.033576862528163796,1.400922636756086,0.059581249218296536,0.03978207629227026,-0.07492539652211071,0.5962523982034765,mixed,Consumer Discretionary,0.015687951193040783,0.06618923729737602,-0.05745963511563734,-0.2570815708758495,54.99174373378195,0.016859168055123996,1.0,1.0,370.59,12.44324948431222,374.6,359.411,374.6,1464098185000.0,344.318499,—,—,—,False
ELF,—,NO TRADE,No trade: move not extreme enough,15.119831129657758,37.39455161033287,28.05129399492469,0.005668171774426023,0.051954577429404125,-0.025416627874499498,0.38173178458289336,0.7141290413606658,1.2815742324207644,0.40464825989705,0.039306229142588286,1.7352596258134492,0.05206341755997969,0.029709595721584936,-0.07748004543447919,0.334856080665695,mixed,Retail & Internet,0.04882423076537723,0.08002368871216348,0.3373269175368301,-0.2915059221658206,60.63887060365325,0.0008646363723701089,3.0,2.0,104.68,4.114576066646142,104.99,102.235,105.82,6178137600.0,106.414557,—,—,—,False
DASH,—,NO TRADE,No trade: move not extreme enough,15.08368075451414,38.61922150305824,31.59290271669718,0.0382873610539316,-0.02177285891601166,-0.14797297297297296,-0.016636340005198758,0.9850378207861664,1.7497327866213588,0.4826471514830276,0.04239686687532724,0.9779857566162963,-0.07857377752041055,-0.09284674937688853,-0.06939919545256241,-0.9691886959813886,mixed,Consumer Discretionary,-0.023746974209165383,-0.08101363976900722,0.012982266116037922,-0.337478108581436,43.358105358772946,0.014793467819404382,1.0,1.0,189.15,8.019367369468148,189.56,180.43,191.4,81984900800.0,99.322621,—,—,—,False
FCX,—,NO TRADE,No trade: move not extreme enough,14.970570152940892,34.403440448583126,31.934192826120956,0.039838337182448,-0.0037339233854237763,-0.007166482910694549,0.1901536428217414,1.054920555952121,1.496860044846433,0.4035775219430537,0.03895957495195544,0.8321267809640533,0.11493429105256833,0.06428923734776226,-0.12210077396326288,1.0617009411958318,mixed,Materials,0.0035103359893020603,0.02132823708878928,0.13248093340072065,-0.10219341974077756,51.657307242547525,0.004041570438799047,2.0,2.0,72.04,2.8066477795388702,73.07,69.56,74.45,103450880800.0,35.571795,—,—,—,False
MSFT,—,NO TRADE,No trade: move not extreme enough,14.918434683008346,39.62407100027274,25.281238909767982,0.00922386895475813,0.002634790863475178,0.014525993883792054,0.3464720574461442,0.8262357028668426,1.293763469705863,0.22243383914190543,0.02238631177847133,0.24001372288921358,-0.03609891673741903,-0.05989461159020926,0.050624910621211085,-0.07323281799813747,mixed,Systems Software,0.03161029517294156,0.06111199731323569,0.19568621421365529,-0.06535794264249084,62.62141041590566,0.012841263650546164,4.0,2.0,517.53,11.585587934712267,522.5,513.66,522.85,3845395323000.0,28.838663,—,—,—,False
IOT,—,NO TRADE,No trade: move not extreme enough,14.907973899358995,38.080208156424,33.969398146651514,0.026973026973026837,0.08324552160168586,0.061161290322580664,0.11165179778318457,0.7357181433120623,0.7357181433120623,0.5563281132745158,0.04783277613068386,0.9762805816077245,0.08760167793519519,-0.013259315151420648,-0.026440387612614524,0.309528372762537,company-specific,Application Software,0.04305916671951282,0.051813047392976985,0.22250697173844514,-0.13376869601853802,57.85542599152867,0.009240759240759067,2.0,3.0,41.12,1.9668837544937203,41.29,40.3,41.29,24074230393.167576,267.012987,—,—,—,False
APH,—,NO TRADE,No trade: move not extreme enough,14.873642431245829,40.7811999308701,26.983663637390343,0.015057779852923892,0.034130098703769596,0.059583282563665074,0.07199211045364873,0.8774710239150639,1.2858150774074637,0.3686932111688217,0.031876781784588304,0.4365532832921731,0.02213357254572875,-0.014837322910336237,0.03744971001793632,-0.009381158550324273,industry-wide,Information Technology,0.06162711202265836,0.07160901551467047,0.17289474766779933,-0.025767421017253045,64.15079788582963,0.013423602194467144,2.0,2.0,86.96,2.7720049439877985,88.02,85.72,88.02,214416091500.0,43.538777,—,—,—,False
ZIM,—,NO TRADE,No trade: move not extreme enough,14.643828583027025,38.29082974280394,28.774573133416652,-0.004033613445378226,0.01507365536142502,0.07393983327292486,0.22742336371168181,0.7109585435907158,3.714234712216656,0.32688483628820636,0.032560030403086665,1.0076559907069367,0.06613204309044222,0.10034909083479482,0.0078077901824826395,0.6979622989632146,company-specific,Shipping & Transport,0.0016395382249041468,0.06398259133444895,0.15537064079593055,-0.04295865633074947,55.55921191455119,-0.0030252100840335583,3.0,2.0,29.63,0.9647537008434579,30.03,29.51,30.16,3575225800.0,25.75402,—,—,—,False
OXY,—,NO TRADE,No trade: move not extreme enough,14.521971087515084,37.18240602618797,33.043147084331935,0.004149377593360981,0.021456208230742124,-0.04174228675136116,0.11051625239005736,0.9547887042463924,1.4478234160694528,0.369494860398384,0.02678131507164315,0.8914964546415706,0.0242816742878091,-0.013887133548018515,-0.06602396103917026,-0.07730678943250865,mixed,Oil & Gas Exploration & Production,-0.011833161776590662,-0.005196682618689663,0.07513545633095209,-0.1389177168272795,49.605287588254654,-0.016165283540802267,1.0,2.0,58.08,1.5554587793610342,58.16,56.81,58.16,58078933068.57536,17.207359,—,—,—,False
TMO,—,NO TRADE,No trade: move not extreme enough,14.513170880442397,38.03373400219993,24.208793932601907,0.003509524758241289,-0.029925925925926022,0.05881021295862099,0.24792742657849076,0.7190325249404541,1.0411948674439464,0.24953709001432853,0.02376652650863835,0.4510383431393136,0.005310352442625121,0.09967365518417781,0.05349986051599587,1.2430845187026607,industry-wide,Life Sciences Tools & Services,0.013211360098535962,0.0604927890377307,0.20676459004743575,-0.04217193511109818,56.58783525258658,0.0025133714425833453,4.0,3.0,654.8,15.562321557856391,659.47,648.29,683.63,242180770126.368,35.222859,—,—,—,False
HUBS,—,NO TRADE,No trade: move not extreme enough,14.442542974021027,38.409939173752726,35.534160818761926,-0.013428374338928406,0.003696079348741499,-0.15910159924741296,0.04166059723233806,0.6828374287191931,1.4659072964084396,0.6570792566656776,0.06458087086825108,2.4695324499838947,-0.13830897803402903,-0.23352220472141427,-0.020792621213383922,-0.635038837335354,mixed,Application Software,-0.04064073554007286,-0.07004749247038888,-0.1292297988254162,-0.5734990059642147,45.775466033329174,0.00298919291791222,1.0,1.0,214.53,13.854534227365905,219.37,209.5,219.37,10698793291.893091,75.937135,—,—,—,False
KSS,—,NO TRADE,No trade: move not extreme enough,14.41899778118319,36.74896025106638,29.168995184914724,-0.005813953488372214,0.05083798882681556,-0.027404343329886283,0.1532801961986512,0.8907372583632278,1.1319022202022329,0.5522287724927049,0.04888597097401758,3.024292305990934,0.049985351402075315,0.02772188026619815,-0.0773896947319616,0.1993609497529553,mixed,Retail & Internet,0.06451612903225779,0.0274646040901938,0.11298811570106126,-0.2541633624107851,57.35029567383366,0.012684989429175397,3.0,2.0,18.81,0.9195451140212707,19.3,18.76,19.3,2132043984.216428,8.204658,—,—,—,False
PLTR,—,NO TRADE,No trade: move not extreme enough,14.365675530365724,37.9895309594461,26.426463476415595,-0.006788044622184741,-0.004850529867664877,0.034076590149564545,0.46272473651580914,0.7458597447855273,0.7458597447855273,0.320905291864847,0.033235845342282924,0.7462202071412374,0.05982249827056328,-0.040344015324436766,-0.025745908120998733,-0.07183950081386827,company-specific,Application Software,0.047517037760561154,0.11175902365469814,0.24092297714351374,-0.0904491133384735,61.17985135009155,0.015733529783203526,5.0,2.0,188.75,6.273265808355902,194.78,188.26,194.78,453673411269.50256,160.84363,—,—,—,False
SMMT,—,NO TRADE,No trade: move not extreme enough,14.359842596747807,34.45572612569494,30.6849292516689,0.0038945476333132056,0.07335041639974382,-0.02189141856392296,0.08236434108527124,0.6566271382779715,4.414106464897994,0.5292283630433701,0.0665669097030881,0.6513556878721404,0.03808664592552465,0.018972023661633863,-0.05997806448944761,0.01267598563836615,mixed,Biotechnology,-0.01542529748788024,0.11492623719881023,0.02438062572506805,-0.42678754704071165,54.46418748790245,0.016177351707609366,3.0,3.0,16.755,1.115328572075241,17.32,16.66,19.09,13370290000.000002,-14.97,—,—,—,False
APA,—,NO TRADE,No trade: move not extreme enough,14.350154219648935,36.4094369034015,30.062328263867805,0.007844946931241159,0.0219934487599438,-0.011317338162064261,0.3121057374586964,0.6414058797406829,1.4107536411859807,0.43326925913573083,0.03493628896792399,1.1353243540802507,0.05850974145076811,0.01653781504127838,-0.06982707961283237,0.5299258003933655,mixed,Oil & Gas Exploration & Production,-0.004206134801490902,0.05053789560520183,0.236085897782375,-0.07925801011804379,53.110018278498366,-0.021688970927549733,1.0,3.0,43.68,1.5260171021189197,43.68,42.3,43.68,15299850372.779177,9.237406,—,—,—,False
SITM,—,NO TRADE,No trade: move not extreme enough,14.158165626991812,42.1448365598088,31.554156434516862,0.045030712802156536,0.07122472707506011,0.23495774329158436,0.09456144411015988,0.8875979513677644,0.8912630549346154,0.7440631092428983,0.055232407072594664,1.3929084445290985,0.043594132317812256,0.16053713781758305,0.1913636109737721,0.3725640893635883,industry-wide,Semiconductors,0.14019107650694318,0.16234394888596437,0.34143614160126856,-0.213315443386079,64.61052239300307,0.03267194013581376,1.0,3.0,709.44,39.18407887358156,724.33,698.11,724.33,21348330597.602886,1437.859749,—,—,—,False
AMKR,—,NO TRADE,No trade: move not extreme enough,14.08304565377965,40.28467708749257,31.599037015851238,0.05897920604914941,0.04495429957097574,0.1934384320409035,-0.22366962305986693,1.1237446653203367,1.179963447320744,0.6031299096964983,0.04836904864534713,1.7498441347224714,0.0008166601201410884,0.11901782656690219,0.1926217719207624,0.10935896451941514,industry-wide,Semiconductors,0.09398037396865688,0.08323213885171987,-0.02189005516927678,-0.420562681009516,58.84536057873761,0.03761814744801506,1.0,2.0,56.02,2.7096341051123463,56.53,54.13,56.53,13923276502.48924,25.137985,—,—,—,False
STNG,—,NO TRADE,No trade: move not extreme enough,13.990468525940218,39.07515713242075,25.127864299204965,0.005128802890779882,0.0581666462142596,0.0763949569342155,0.1308852459016394,0.6068651571420174,2.7701450784475616,0.26577085190253574,0.03172614305172209,1.4234286581445406,0.06899635402861463,0.10280421449608546,0.007398602905600867,0.7859856794193945,company-specific,Shipping & Transport,0.024644707448072678,0.07280866109796502,0.16953432921652167,-0.04252720408616473,62.38383452603234,-0.00815945914442251,1.0,2.0,86.23,2.735745315349996,87.025,84.55,87.025,4316515866.0,4.903165,—,—,—,False
ICHR,—,NO TRADE,No trade: move not extreme enough,13.909622128785069,42.5850590061704,33.7257266978659,0.007042253521126751,0.08595098377632038,0.19121544869367657,-0.3475736209041891,1.0710347767059898,1.5618892022359805,0.5788411897883002,0.05366569088611323,2.017430473224708,-0.0014736863588200033,0.11679484321967526,0.19268913505249657,0.09498156583125149,industry-wide,Semiconductors,0.10383544220521479,0.016445349100190576,0.08200830164506723,-0.4460292304983271,58.23146087715432,0.040492957746478986,3.0,2.0,62.92,3.3766452705542447,65.93,62.215,65.93,2357369081.670593,-53.64,—,—,—,False
TLN,—,NO TRADE,No trade: move not extreme enough,13.871358026538353,39.76261688977446,28.83171657416275,-0.0071806617351202195,0.053708691938768593,0.04991489918826919,-0.165617521589845,1.3132211133920235,3.108808154095922,0.45797397291649583,0.043933429860465965,2.3517315010570825,0.13794674515624228,0.1242816200806699,-0.0880318459679731,0.9136222857112871,company-specific,Nuclear & Power,0.05122755732233064,0.005446468759912726,-0.08833633531215257,-0.28919960999822725,56.43138055438077,0.0141756167012288,1.0,1.0,320.77,14.092526296341667,331.02,311.0,331.02,15175259000.0,-73.57,—,—,—,False
ARRY,—,NO TRADE,No trade: move not extreme enough,13.867062250554623,38.19975465821485,34.790685123319726,0.04884318766066831,0.012406947890818865,-0.10132158590308371,-0.368421052631579,0.8903956596989343,1.293335525939538,0.5024493247378341,0.05534974809995243,3.735334528076464,-0.019771999787449618,-0.04619536230699928,-0.08154958611563409,-0.16274690849090293,mixed,EV & Autos,-0.027529495888451883,-0.1291355389541088,-0.45554447220841443,-0.6663941128372854,42.89793492192934,0.028277634961439535,1.0,1.0,4.08,0.22582697224780593,4.095,3.94,4.12,629892720.0,-4.2,—,—,—,False
ALAB,—,NO TRADE,No trade: move not extreme enough,13.747499905693426,43.56724802429216,34.372829765458114,-0.017086583244486975,-0.039191487027590455,0.23870306201824487,-0.16078572284105885,0.9813914204502683,1.0104398846295588,0.9298998816580437,0.06258191011502297,2.364531473016782,0.047452945551341275,0.16428245654424356,0.1912501164669036,0.27523890615863156,industry-wide,Semiconductors,0.09260116922952188,0.13500365126913172,0.4531538526071104,-0.29860521882724345,58.41576195564197,-0.023623814600751913,3.0,3.0,350.33,21.924320570595995,363.78,342.2,367.68,60775303335.95185,172.491384,—,—,—,False
APLD,—,NO TRADE,No trade: move not extreme enough,13.706047886052891,39.08150713284499,34.70863829934448,0.05049668874172175,-0.03314285714285714,-0.020455422616750374,-0.21399814183957888,1.6766597059886974,1.6766597059886974,0.7568794737040193,0.06764897776692406,8.824552224923266,0.0012895696528645306,-0.09487602809075169,-0.021744992269614905,-0.8399353356008488,mixed,AI Cloud / Crypto Miners,-0.02764208953508418,-0.06761105641357235,-0.20965171580782216,-0.4996550024642682,46.209125431944166,0.039528145695364225,3.0,0.0,25.38,1.7169310557245328,26.85,24.82,26.85,7588023913.200001,-28.54,—,—,—,False
FTNT,—,NO TRADE,No trade: move not extreme enough,13.483385925376117,40.03782832795994,28.40352310998819,0.012477618621306918,0.043179983857949855,0.15726528523919137,0.10517315091919621,0.8610347847935925,0.8610347847935925,0.37424217382923336,0.03485115425841503,0.46513696072311556,0.13518823288906015,0.08284467976519005,0.022077052350131222,0.9742990078474011,company-specific,Systems Software,0.06013381296649989,0.10574043972966019,0.5260422332925994,-0.01168824075591246,64.17629503351134,0.018856311548791416,4.0,3.0,180.95,6.3063163630601995,183.09,180.04,183.09,132758211160.0,63.75969,—,—,—,False
ZBRA,—,NO TRADE,No trade: move not extreme enough,13.363874344747881,38.46436519943721,23.375647748602145,0.0010920229058464237,0.01572802940222684,0.05135664335664347,0.37854392077755383,0.5974670858024392,1.1215728313874325,0.2631540807332391,0.028109932497365157,0.7026127281989064,0.03586899905060607,-0.02306396211735784,0.015487644306037404,0.021800230726769242,mixed,Electronic Equipment & Instruments,0.04758825595201599,0.07120464209578325,0.4067756612764468,-0.02684928669445663,63.75986419311345,0.01611399653748835,3.0,2.0,375.86,10.565399228459668,383.18,375.77,383.18,17787876986.0,34.393902,—,—,—,False
MTD,—,NO TRADE,No trade: move not extreme enough,13.226941702380495,35.08143236928653,22.00202198145047,0.0033892125819452446,-0.016836019158000592,0.09582445455416866,0.15385630657909055,0.6075113941561866,0.8522528336970205,0.3237347450267351,0.027871170007686547,0.645463801243724,0.04695137423761625,0.13668789677972548,0.04887308031655241,1.8046956969121666,industry-wide,Life Sciences Tools & Services,0.04889994272722187,0.05517684803448364,0.12709350191566204,-0.04414630538386821,59.5134413492067,0.007203764591505291,3.0,2.0,1486.19,41.42185415372367,1501.9,1480.15,1554.83,29790817612.0,33.449318,—,—,—,False
ZS,—,NO TRADE,No trade: move not extreme enough,13.191860287430565,36.799626423250544,30.03075108467936,-0.010966898078277554,0.018389018389018297,0.10573678290213717,0.33632408917890144,0.4603030577613972,0.9770759980489709,0.7710344350680324,0.04791505445482785,1.0972622734660085,0.13332013186294545,0.03131617742813586,-0.027583348960808288,0.5057190442837135,company-specific,Application Software,0.02667608395661958,0.09778126457031022,0.18133739290374362,-0.4165998991067984,54.59786590463313,0.012073649260488928,2.0,2.0,196.6,9.420099705819155,202.0,195.11,203.44,32050090800.0,-497.34,—,—,—,False
HPQ,—,NO TRADE,No trade: move not extreme enough,13.184005038041132,38.00077959561045,36.01778579046765,-0.0009331259720062324,0.02619808306709248,0.005950516755402369,0.33112308329879814,0.642046946631807,0.9240486073347346,0.5429371062349876,0.04273244159763655,1.1425211606680483,-0.13752641008301333,-0.06847008871859894,0.1434769268384157,-0.04865837981229777,mixed,"Technology Hardware, Storage & Peripherals",-0.013513513513513709,0.05029788959446457,0.35940122015993703,-0.11331953071083511,52.673548955525604,-0.0003110419906686701,2.0,2.0,32.12,1.3725660241160857,32.85,32.07,32.85,28970035875.0,12.245987,—,—,—,False
TEM,—,NO TRADE,No trade: move not extreme enough,13.155513468220741,37.2777227659843,31.17288969109331,0.001699346405228619,-0.09857663804258332,0.18512217754407678,0.24601626016260147,0.8256402317223901,1.051667194679129,0.7993469983346435,0.06530593036193899,3.1547642743693456,0.24950478663156694,0.2259856197696336,-0.06438260908749016,0.8424025184276107,company-specific,Biotechnology,0.043351578030117244,0.22476117716442934,0.3575560448048414,-0.26543328220858897,56.647233363991795,0.011241830065359393,2.0,3.0,76.63,5.004393443635385,80.305,75.8002,89.09,13839345248.3,-53.21,—,—,—,False
AI,—,NO TRADE,No trade: move not extreme enough,13.06275908474149,37.7025984343032,31.238408666412166,-0.009000900090008979,0.033802816901408406,0.010091743119265972,0.22197558268590445,1.0904710261840909,1.1202451734613548,0.4318138016781915,0.04535345132729867,3.4477212811405042,0.03522265516256474,-0.06432886235473534,-0.025130912043298766,-0.21180748847824332,mixed,Application Software,0.029164329781267595,0.07620425398811381,0.07332956384409917,-0.45548961424332346,57.33637338872438,0.006570657065706698,3.0,2.0,11.01,0.49934149911355835,11.38,10.97,11.38,1772599411.8,-3.57,—,—,—,False
RL,—,NO TRADE,No trade: move not extreme enough,12.966113822057443,34.98853870006476,24.103096553511662,0.00195775657640751,0.017558106972836773,0.05569436374201042,-0.06246452345322251,0.8072599834154023,0.8836340422394541,0.2809343892991965,0.027868933565107716,0.9394105326101745,0.18476211473310997,0.11082058733809486,-0.12906775099109954,1.306534058397734,company-specific,"Apparel, Accessories & Luxury Goods",0.05027971714678392,0.0009845388286797707,-0.005129046155118111,-0.13811669829222017,58.31091789429296,0.00019301825401196737,1.0,1.0,363.37,10.12673438955319,367.98,359.27,367.98,21646962360.0,22.909219,—,—,—,False
ASML,—,NO TRADE,No trade: move not extreme enough,12.909386332422375,40.005024681260686,24.11039073003818,0.0325243711604708,0.07074211268736308,0.13432228357601494,0.03495081058611604,0.9816205280829975,1.2641247266148092,0.4238551330037916,0.027319820940950222,0.3483485489366084,-0.060090886783077446,0.059901678102013634,0.1944131703590924,0.3674107628098812,industry-wide,Semiconductors,0.08448016317352058,0.0846498672787872,0.21035307517434942,-0.06632632652653059,64.7708979053514,0.022809083821309528,1.0,3.0,1867.31,51.01457484124576,1873.5,1842.45,1873.5,721356024060.051,58.076305,—,—,—,False
IT,—,NO TRADE,No trade: move not extreme enough,12.852482992664765,35.67240216505392,32.245084942205565,-0.04149377593360992,-0.016498137307078165,-0.05453801289266347,0.39271987338910264,0.5760911117153991,1.0212345846857813,0.5945980904355316,0.04707858609264399,0.9953728483428083,-0.01576184412787803,-0.12895861836666478,-0.038776168764785436,-0.15400192681372413,mixed,IT Consulting & Other Services,0.004271414131533646,0.013988431313806338,0.06766685327726929,-0.2942254812098991,50.288059938661924,-0.0003112033195020736,5.0,2.0,184.8,8.70012270992061,192.74,184.6,204.29,11670566690.0,16.581278,—,—,—,False
GRAB,—,NO TRADE,No trade: move not extreme enough,12.767526033094844,36.681475352121154,27.059072827585645,-0.012820512820512886,-0.015974440894568676,-0.09941520467836251,-0.2061855670103092,0.8190753494087993,1.057886915974283,0.5046082025836015,0.039197428478336654,1.582892985690888,-0.025298730916786194,-0.04428898108227808,-0.07411647376157632,-0.5592506920389057,mixed,Retail & Internet,0.006207121855602793,-0.08240481439551917,-0.19745687633540043,-0.5333333333333332,43.7002522241867,0.009615384615384581,2.0,1.0,3.08,0.1207280797132769,3.18,3.08,3.18,12623019400.0,21.124829,—,—,—,False
XOM,—,NO TRADE,No trade: move not extreme enough,12.455846634050493,36.3953533577422,28.220629711803536,0.0011598095470637393,0.021296469269568297,0.011096726465692486,0.1931470973374072,0.7928823120446199,0.92676832510583,0.24730833844832614,0.021509114044151945,0.2746243042961579,0.041746904111917074,0.03895187966903513,-0.030650177646224592,1.1740084655250869,mixed,Energy,0.007577875184685778,0.021619641807109957,0.10003061788775458,-0.07029079984127884,54.96364636439741,-0.01385667195702589,1.0,3.0,164.01,3.5277097943813605,164.61,161.55,164.61,674888192864.1191,21.105935,—,—,—,False
RBLX,—,NO TRADE,No trade: move not extreme enough,12.437142857441435,38.627168462378116,33.947899284943745,0.026046511627906943,-0.04995693367786391,0.06287641532160926,-0.21814637604111298,0.7747098152057258,1.6400628493256064,0.7494976493031477,0.054567025375084253,1.2970488930199222,0.08936078049830144,-0.011544190152392053,-0.026484365176692188,0.14270700117969498,company-specific,Application Software,-0.04628088454637824,0.03965388856946239,-0.20379550610056507,-0.6891863332159212,48.57632335899984,0.01023255813953483,0.0,1.0,44.12,2.407497159548717,44.42,42.4,44.59,31511125360.0,-31.16,—,—,—,False
CSCO,—,NO TRADE,No trade: move not extreme enough,12.27954706288879,40.78567862926368,25.475947120770115,0.03162927546892247,0.05154639175257736,0.033054046588711916,-0.05164398613811172,0.9606782530557959,1.0671753345906392,0.30710469440748733,0.023341970820960015,0.44382284234475305,-0.10735003079922292,-0.041366558885289395,0.14040407738793484,-0.07837079742115229,industry-wide,Communications Equipment,0.031600820131846286,0.0009250974385417443,0.14819139388593205,-0.13934350779653526,57.22845686615642,0.009838175799926407,1.0,1.0,112.2,2.618969126111714,112.23,109.0,112.23,442319172100.0,33.717995,—,—,—,False
MCK,—,NO TRADE,No trade: move not extreme enough,12.237493291496406,36.13874098850479,27.845301254754396,0.003849491555595108,0.041124342287454985,-0.020729774902863096,0.13807848034207448,0.8808120653596994,1.3997504041849,0.2800594451612911,0.027066575857159828,0.6664770402433364,0.05628546870955324,0.020133667322693727,-0.07701524361241634,0.12190019617701423,mixed,Health Care Distributors,0.021059897925696403,0.027556386456317528,0.0647364179079819,-0.09681681681681686,56.90245138067359,0.00022251396275119184,1.0,2.0,902.28,24.42163006439817,905.55,881.4,924.21,105271770487.9729,24.14463,—,—,—,False
LUNR,—,NO TRADE,No trade: move not extreme enough,12.141405238289632,35.256455930677184,36.52612653169113,0.046975088967971645,-0.057655349135169676,0.0006802721088436936,-0.12958579881656795,1.1489298838711082,1.2369812382611103,0.7423568332131786,0.07110234751267096,3.826909076121622,0.032563572361834686,0.027089529670713652,-0.03188330025299099,0.20075531810304698,mixed,Space & Drones,-0.006047501604783845,-0.03698854337152202,-0.27241251391121557,-0.6853475935828877,46.97493737543107,0.01530249110320292,3.0,0.0,14.71,1.0459155319113898,15.345,14.12,15.98,3367473064.988608,-15.59,—,—,—,False
CNC,—,NO TRADE,No trade: move not extreme enough,12.112935337013823,41.70566098190401,32.044383815210765,0.03279226102639776,0.018925913943707462,-0.07394883857688905,-0.06819526627218919,0.7563400422731807,1.125935722135374,0.34634551417969606,0.035066716838764216,0.724723510130521,-0.012131796799623284,-0.03308539635133223,-0.06181704177726577,-0.5387963496044167,mixed,Managed Health Care,-0.02169692639818599,-0.02656809232690238,0.19323197460096164,-0.09536119488726114,46.14799860787736,0.00016396130513185447,1.0,1.0,62.99,2.208852493673758,63.36,60.75,63.4,31116745885.528965,-6.03,—,—,—,False
DE,—,NO TRADE,No trade: move not extreme enough,12.029916371112533,39.72533371273814,27.9292348498722,0.029583670533225526,-0.005011151985632845,-0.0106709292780921,0.15871141845167824,0.8251152015625485,1.2876576231363976,0.23045440746987567,0.025768584229618103,0.39741577522336025,-0.05083568295146997,0.015738328283777858,0.04016475367337787,0.2017412553593596,mixed,Industrials,0.0037718150517556115,0.05851606217233374,0.16860951542424218,-0.04744738082693223,55.951991938790705,0.006279411323921735,1.0,3.0,687.0,17.703017365747638,689.69,668.61,690.94,185302774261.06372,38.184698,—,—,—,False
SBLK,—,NO TRADE,No trade: move not extreme enough,11.994571481479117,37.556243237548834,28.350269432556708,0.010515938218862875,0.04096140825998651,-0.0351427674929401,0.1881761978361669,0.7078057076877468,1.0976351745702502,0.3192410666718156,0.029567187645884816,1.2658627665699702,-0.061130991136400234,-0.008733509931070138,0.025988223643460134,-0.1808602427430078,mixed,Shipping & Transport,-0.00032509752925879987,0.027225655587105546,0.20261642402495172,-0.06478102189781032,53.314249133611526,-0.015773907328294423,1.0,2.0,30.75,0.9091910201109581,30.775,29.82,30.775,3444667301.349981,12.029575,—,—,—,False
NCLH,—,NO TRADE,No trade: move not extreme enough,11.987816143008216,35.86388507167331,29.906603470967735,0.03415300546448097,0.03627652292950034,-0.028864656831302127,-0.2338056680161944,1.597404488230046,1.597404488230046,0.31452960218515813,0.03974691859435098,6.805497094871817,0.0007068221022939851,0.026261566764782307,-0.029571478933596112,0.5242899615606268,mixed,"Hotels, Resorts & Cruise Lines",0.03617013995825191,-0.09778916631905121,-0.22121144315075014,-0.39741293532338307,48.27241401674589,0.023224043715847076,1.0,1.0,15.14,0.6017683475184739,15.17,14.58,15.275,6952106320.0,9.567745,—,—,—,False
IONQ,—,NO TRADE,No trade: move not extreme enough,11.772311981051649,35.71948524307228,28.778969057436242,-0.0050011366219595565,-0.03759894459102886,0.1217324449000512,-0.02233638597274956,0.7783138598883538,1.4586538609531947,0.5345193586223435,0.061604230618607064,4.712918780399469,0.08077988017661983,0.047311839426049884,0.04095256472343137,-0.14068981672988543,mixed,Quantum Computing,0.07155972286826451,0.07802571301906336,0.007148059048283084,-0.4828686200378072,57.380865545066904,0.026590134121391218,5.0,3.0,43.77,2.6964171741764313,45.3352,43.15,47.91,17734920697.681843,-9.63,—,—,—,False
JBHT,—,NO TRADE,No trade: move not extreme enough,11.64319927439739,40.44857446016227,35.76283014424706,0.03080985915492951,0.03876519116472976,-0.1204746882980321,-0.17129613247938869,0.8063086997679225,0.8657207019595639,0.5693756722331706,0.032635112731322385,1.0717591776467434,-0.16978975522307163,-0.09406543073616214,0.049315066925039536,-1.1205494106833318,mixed,Industrials,-0.046818624887313365,-0.10170798221826727,-0.037896682756495936,-0.21870829997331198,40.22634953382659,0.016021126760563442,1.0,2.0,234.2,7.643143401675702,234.625,229.2801,234.625,21985957277.024303,33.202903,—,—,—,False
MCHP,—,NO TRADE,No trade: move not extreme enough,11.642560524409923,38.8888201954187,26.96697946922703,0.035923566878980795,0.03342228999872909,0.11229653946108598,-0.07863131656469535,0.9445060394106324,1.1031473044893962,0.3679491690331333,0.03513238786772254,1.4406466559486122,-0.08278407768936788,0.037875933987084665,0.19508061715045386,0.14149642776486743,industry-wide,Semiconductors,0.08655567729349833,0.07289399036875777,0.03080891626895843,-0.23217826456425272,63.17021492462521,0.034968152866242,4.0,1.0,81.32,2.8569657814031966,83.395,80.8,83.395,44157491880.0,121.572731,—,—,—,False
PATH,—,NO TRADE,No trade: move not extreme enough,11.59327766254646,37.324670337691835,37.81408963150133,-0.01501501501501512,0.052969502407704594,-0.27991218441273324,0.11186440677966081,0.3627421906670328,0.8600111437274774,0.8125525686161577,0.05618506643616588,3.7819133078819247,-0.26221727051128063,-0.35433278988673456,-0.017694913901452634,-2.1035183118237346,mixed,Application Software,-0.02377320584843179,-0.10086486931016059,0.034843136868258684,-0.33870967741935487,43.279612235985134,0.007132132132132041,1.0,2.0,13.12,0.7371480716424963,13.42,13.02,13.445,6832351305.66,19.520905,—,—,—,False
WDAY,—,NO TRADE,No trade: move not extreme enough,11.457279417784974,38.21886888685203,30.159687214196552,-0.003266398929049563,-0.01747162839799421,-0.10042528513435145,0.3455255168425617,0.5652153889506898,0.956577030353055,0.4223174554880748,0.041196215932476285,0.5981103734439834,-0.07812814304627363,-0.17484589060835276,-0.022297142088077808,-0.43068614342092854,mixed,Application Software,-0.02000373803237354,0.0013621193113226848,0.18375331328825717,-0.24761519805982224,47.05985818080639,0.004337349397590451,2.0,3.0,186.14,7.668263633671135,188.61,185.21,195.75,44854920000.0,37.776515,—,—,—,False
NVTS,—,NO TRADE,No trade: move not extreme enough,11.26966254387742,39.71108863408644,34.6285690482539,0.02310231023102327,0.016393442622950838,0.11711711711711725,-0.12552891396332855,1.8198186236635543,3.151507760414536,0.6263203436907394,0.0674738392446644,9.47279371166595,-0.07781742192254779,0.04269651164311594,0.19493453903966504,-0.4057210609855031,industry-wide,Semiconductors,0.06428632735387518,0.031056417078950904,-0.061055971286485766,-0.6371085747731928,54.476066837045146,0.03382838283828393,4.0,1.0,12.4,0.8366756066338384,13.195,12.23,13.195,3234948118.44802,-9.33,—,—,—,False
IBKR,—,NO TRADE,No trade: move not extreme enough,11.167871883876524,33.97722113447648,28.419874920227983,0.02901759701666462,-0.010533393097265753,-0.05002689618074241,-0.07325776658270367,1.2795443359747098,1.52866958566102,0.279983789277247,0.031857311830370015,0.2872179409401212,0.07595968597513081,0.036550972671716586,-0.12598658215587322,0.5622610922077781,mixed,Investment Banking & Brokerage,-0.01259141636660488,-0.02587445143382905,0.08633970876130492,-0.10582278481012664,46.5914828371757,0.008623703531057014,1.0,1.0,88.3,2.8130006346216723,88.92,86.55,88.92,149769426900.0,35.154073,—,—,—,False
GLNG,—,NO TRADE,No trade: move not extreme enough,11.128547031679133,38.22399292910487,28.986642986722995,0.018840579710144967,-0.008062890546260859,-0.05347182150413543,-0.03263219972478859,1.065133765126329,1.6423063345354418,0.2252574356164049,0.026754531060809078,1.4470989226248776,-0.08251488748279479,-0.027062563942265472,0.029043065978659355,-0.8792809126433653,mixed,Shipping & Transport,-0.024955666293504097,-0.028762140473244102,0.0128317404713858,-0.1484685931822114,43.86929763609744,0.024637681159420444,2.0,1.0,49.21,1.3165904735024148,49.49,48.05,49.87,5025362000.0,30.652797,—,—,—,False
TSM,—,NO TRADE,No trade: move not extreme enough,11.088095381331192,40.05436515571149,24.253342266955435,0.029573170731707288,0.04919997336943238,0.13373780005275648,0.08197546686195523,0.9871735310864941,1.0192915494227686,0.2714724827678649,0.02244287736031306,0.19147479600808254,-0.06069308192825282,0.05931719457875517,0.1944308819810093,0.6349138487353476,industry-wide,Semiconductors,0.07177063863502142,0.11269686012281599,0.22112948149005285,-0.012985386221294415,71.49128085815357,0.01402439024390234,4.0,3.0,472.78,10.610543558408809,474.79,464.1,474.79,2452790121600.0,34.121943,—,—,—,False
CVX,—,NO TRADE,No trade: move not extreme enough,11.047120038205199,37.374320495755335,29.625250535335105,-0.0019797199420569234,0.010956224015651772,-0.021909899678213107,0.18753231829933914,0.6788957345019694,0.9424009493295885,0.22386020009420174,0.019792199329764143,0.3377170108429678,0.004025045661739255,0.005945253525129535,-0.025934945339952362,0.2957584752789849,mixed,Energy,-0.009163404865257352,0.020449473704998278,0.10745246551367105,-0.05092294976581868,51.64621702706137,-0.011105746016417117,1.0,2.0,206.69,4.090849679468951,207.32,204.45,208.25,408530245449.0585,19.815734,—,—,—,False
AVGO,—,NO TRADE,No trade: move not extreme enough,10.811309520094836,38.58700260739737,27.506891971029717,0.03346525433593306,0.006604121198378721,-0.005655728525030934,-0.11460696567026507,0.9187611008957507,0.9187611008957507,0.3312815008450242,0.030625368233290762,0.516159849993622,-0.20431065682657926,-0.08007633399903225,0.19865492830154832,-1.0350483156532695,mixed,Semiconductors,0.002927818369359736,-0.0484493963920708,-0.03362502724511296,-0.28254545454545454,47.64217344549604,0.018085787451984636,0.0,1.0,355.14,10.87629327437088,357.3538,347.4157,361.86,1695259259930.4504,45.337793,—,—,—,False
FNV,—,NO TRADE,No trade: move not extreme enough,10.717513833193149,38.58847487909296,32.15670577062951,0.014886127486322565,-0.0720130298212277,-0.11472013613998744,0.1499831803546543,0.9203925204428708,5.121628474644237,0.30926951202047215,0.03988819002379889,0.40772421373539197,0.04400952629495483,-0.04326441588153063,-0.15872966243494227,-0.3425014768615965,mixed,Metals & Mining,-0.07136121448723054,-0.03485181163921114,0.006077033212103844,-0.1623201596247419,38.95554634261465,0.012892828364222453,2.0,1.0,239.3,9.545243872695075,242.52,235.79,259.0,46147997610.0,31.220645,—,—,—,False
ETSY,—,NO TRADE,No trade: move not extreme enough,10.59042228961695,38.8555210006016,32.208946964604586,-0.0009610104338276804,0.06326709526592644,-0.11288552968426191,-0.06369016984045295,0.5762549569073068,1.1085874369299953,0.44802403961120973,0.041733037589416384,2.152049014541885,-0.039381343422953755,-0.057759306088177476,-0.07350418626130815,-0.7489183649879609,mixed,Retail & Internet,0.0059650117157530325,-0.07159570206348931,0.10796027664749519,-0.17282002782652983,46.040225522140965,0.00906095551894559,1.0,1.0,72.77,3.03691314538183,73.8163,72.02,73.8163,6673450209.988459,42.810919,—,—,—,False
SNOW,—,NO TRADE,No trade: move not extreme enough,10.578546905339804,42.22737335372078,30.233189096729795,-0.0027778590017251137,0.015181282371852234,-0.04328554997615508,0.27496355003925377,0.6173751711719145,1.0195611023813989,0.3156659494997106,0.04256265853478568,0.9366522108843537,-0.019523286473764546,-0.11770615545015639,-0.023762263502390534,-0.48218154585997175,mixed,Application Software,0.020804305433124837,0.05358243979837862,0.4958813260463364,-0.11316829623465774,57.09245133962687,0.005877364835229049,1.0,2.0,341.04,14.515569066703309,347.2,333.2,348.28,120304800000.0,-107.43,—,—,—,False
CRL,—,NO TRADE,No trade: move not extreme enough,10.509742431957443,38.73911143914446,24.62757907587626,0.01171425583098018,-0.009049310203524064,-0.010772115220726186,0.24225171232876708,0.4590681745338217,0.9353075027190829,0.347122063050293,0.03279178141736422,0.9332347414791711,-0.07296976675914045,0.030091327004830637,0.062197651538414264,0.34787696851191346,mixed,Life Sciences Tools & Services,0.023722463580224007,0.05115863262080045,0.38205326279633955,-0.04324030266563361,55.62399135649694,0.003765296517100891,3.0,3.0,290.19,9.515847049504922,290.6125,285.75,298.9839,13846667945.0,-59.81,—,—,—,False
MAR,—,NO TRADE,No trade: move not extreme enough,10.2881089992706,36.32405219549453,19.6859198829998,0.011753431607429699,0.019685822231059857,0.06811081024786492,-0.03627137756060905,0.6210404360588168,1.0645351806013743,0.1887258874400999,0.020235054757692692,0.38382683005457713,0.11153592733562775,0.12323703384394935,-0.04342511708776283,1.2336738568041017,company-specific,"Hotels, Resorts & Cruise Lines",0.0432305970908351,0.02007585208559126,0.027426617751130422,-0.12657550245754057,60.214232529010246,0.012768116350517111,0.0,1.0,358.96,7.263575255821368,360.6,356.36,364.085,93617707198.55775,37.204867,—,—,—,False
INTU,—,NO TRADE,No trade: move not extreme enough,10.213224395478877,39.545350084138406,35.182993947028315,-0.006011740575712521,0.0191812611044635,-0.18361893697356968,0.02816592289121367,0.7309343770591848,1.2648285224459863,0.4200779833930636,0.044763614565900244,1.0257813318564866,-0.16345496544547183,-0.258039542447571,-0.020163971528097853,-1.3547102309103092,mixed,Application Software,-0.06555385083369769,-0.13078758536576318,-0.28608343372837974,-0.5921470754675915,37.10896239231749,0.003571681165570606,2.0,1.0,281.08,12.58215678218324,284.2,277.38,291.525,75128056680.0,17.051893,—,—,—,False
BKSY,—,NO TRADE,No trade: move not extreme enough,10.152971635176563,34.75565837862151,31.451749536527977,0.03640661938534295,-0.05720430107526875,0.06253029568589441,-0.14207436399217221,1.4299368109626953,1.4299368109626953,0.5902086237433514,0.06817900991277707,3.4369610363659673,0.10003632535498092,0.08893955324776437,-0.03750602966908651,0.4178980921165934,company-specific,Space & Drones,0.001073230881647902,-0.0914592192849385,-0.20473675044987505,-0.5854765506807866,45.39205936273888,0.019858156028368823,2.0,1.0,21.92,1.4944838972880736,22.92,21.15,23.69,896663368.71206,-12.03,—,—,—,False
TEL,—,NO TRADE,No trade: move not extreme enough,10.095304483523448,35.968175711115904,24.294236324152923,0.011939750183688647,0.008097351205453185,0.052289766486796285,0.1078377155497463,0.6894355722827366,1.1714284122642156,0.2967435397524585,0.026991304684667993,0.4486831681457551,0.014029665793652314,-0.022130838987205026,0.03826010069314397,0.1627317497094374,industry-wide,Information Technology,0.04919344087455002,0.05301286113094217,0.02799796975532587,-0.1274944567627494,61.741259713926475,0.01354702424687737,1.0,2.0,220.36,5.947803900313439,222.5405,217.4702,222.5405,63791338588.17296,21.601168,—,—,—,False
HUM,—,NO TRADE,No trade: move not extreme enough,10.083309939439394,38.20398250985608,27.795711097852426,0.02286135693215341,-0.02404945593446084,-0.04467184886352449,-0.02363234111021717,0.7277107202929333,1.8787684098528958,0.2944219819077418,0.03429294672629973,0.637123636564837,0.026904189484862798,-0.003808406637967665,-0.07157603834838729,-0.29357911369933365,mixed,Managed Health Care,-0.004715530497180875,0.007769760575536244,0.3243364208713593,-0.09448244248182125,50.653235478508996,-0.0030025284450062584,2.0,1.0,388.36,13.318008790625765,390.0,378.5,408.19,46617575640.638565,36.778605,—,—,—,False
CLOV,—,NO TRADE,No trade: move not extreme enough,10.05937483488309,39.403251623948414,32.54903875793042,0.03546099290780136,-0.024498886414254017,0.029377203290246845,-0.0641025641025641,0.9307535288378056,0.9307535288378056,0.5664508692091719,0.047679315067549216,0.726566637310124,0.09044608952127255,0.07024064551580367,-0.0610688862310257,0.27298898924237375,company-specific,Biotechnology,-0.027639027639027702,-0.00195962265870675,0.3150783642586923,-0.21645796064400713,47.93993421557519,0.009456264775413503,0.0,2.0,4.38,0.20883539999586556,4.41,4.225,4.525,2329124317.853426,-108.96,—,—,—,False
RVMD,—,NO TRADE,No trade: move not extreme enough,10.055034483999176,39.13549508926342,27.956525345254263,0.003642721841760066,0.008147533785431982,-0.02005975245411873,0.0811489562078167,0.7637825340139851,1.0430361066133758,0.3075706203677361,0.03559881078313683,0.7327238654558734,0.03995728365468642,0.020803689771438094,-0.06001703610880515,0.04397475793547518,mixed,Biotechnology,0.02522375915378361,0.02101066418562003,0.4160221078712949,-0.07877490972315104,55.97121991727661,0.0,2.0,1.0,206.64,7.356138260227394,208.82,204.07,210.88,44305478509.01828,-23.44,—,—,—,False
DAVE,—,NO TRADE,No trade: move not extreme enough,10.0426980954809,37.06472406917718,31.933227951844522,0.02055419770900202,0.06676311253385858,-0.11331423015913633,-0.11167785923001994,1.0873350830473223,1.0873350830473223,0.5329934267867289,0.055695739879951814,2.6600588769248814,-0.005021345699106963,-0.026736361306677336,-0.10829288446002937,0.06853828549829241,mixed,Crypto & Fintech,-0.005560134602458633,-0.029858914271685966,0.2656874513080374,-0.24370976541189304,49.82773100593047,0.030654612915574697,2.0,2.0,346.57,19.3024725701949,355.92,345.74,355.92,4425650757.628869,22.480168,—,—,—,False
BA,—,NO TRADE,No trade: move not extreme enough,10.040072533613296,37.523129455837775,32.91896125945412,0.006656958602038632,-0.022769727873983903,-0.0805187402023656,-0.1324458787145355,1.5529906038305832,2.7705094529162864,0.3756380335719999,0.03339414481639234,1.5995617226769268,0.053592707894851516,-0.05410948264049564,-0.13411144809721712,-0.6783066028934199,mixed,Aerospace & Defense,-0.03205480822123319,-0.0883898277944083,-0.12318093792822271,-0.2390010768630143,41.20413576082537,0.008269190763469991,2.0,2.0,193.56,6.463770670660902,196.93,190.27,196.93,152991921051.0063,88.150105,—,—,—,False
HAS,—,NO TRADE,No trade: move not extreme enough,9.996826285385527,36.8700030765515,30.088675762973104,-0.004889975550122272,0.01646043818821652,-0.03720430107526873,0.15699702803979854,1.0411724063167627,2.061782890559214,0.20254021628707858,0.025988174930716132,1.29004275528673,0.0368102557063647,0.017921922520815703,-0.07401455678163343,-0.1704348461507996,mixed,Consumer Discretionary,0.005463008191704866,-0.026684116928348156,-0.009161713074633426,-0.16302112544400815,49.23946403448357,0.001278061791509133,2.0,1.0,89.54,2.3269811832963225,90.845,89.33,91.62,12631237740.161757,16.094185,—,—,—,False
CAH,—,NO TRADE,No trade: move not extreme enough,9.961512229694812,40.33192057019104,30.65477831803156,-0.007779564518231918,0.03669058214512755,-0.08169421986243519,-0.023399067459468736,0.9931961604947148,1.3153406710207303,0.21615216156886727,0.025103902483794675,0.8032696971164811,-0.02500045790320956,-0.04083077763687837,-0.05669376195922563,-1.0551272937436411,mixed,Health Care Distributors,-0.004589006006038732,-0.018782809315503024,0.04708704100219485,-0.11615120434560922,48.78485727778666,-0.0023903689860489408,3.0,1.0,228.3,5.731220937050325,231.1,224.45,235.95,52868470454.502686,31.567594,—,—,—,False
STLD,—,NO TRADE,No trade: move not extreme enough,9.920532922009974,34.88076806083164,30.757766723190883,0.025732855816421374,-0.007147136865531034,-0.05706621143762958,0.04471764388003252,0.5603105532735781,1.2163736678999368,0.3170214067247816,0.03305542293581815,0.400901856181529,0.058797096459766426,0.014389508820827235,-0.115863307897396,0.21883989361269368,mixed,Materials,-0.011064196209910615,-0.04484600154066387,0.06971437740804198,-0.19654360324167075,47.281639057717435,0.011539992041384783,2.0,1.0,231.99,7.668527566880453,233.135,228.14,233.135,33254984990.54905,21.044086,—,—,—,False
OSCR,—,NO TRADE,No trade: move not extreme enough,9.828263652381287,39.30981681154539,28.722119897485133,0.034782608695652195,0.04527027027027031,-0.040322580645161255,-0.008333333333333304,0.7075983548352772,0.9837697397208642,0.42691089626008666,0.05332029292328738,1.2666944180788031,0.019263331459579168,0.0005408615803955685,-0.05958591210474042,0.04396685094497825,mixed,Biotechnology,-0.013282732447817858,0.005760203882611448,0.41104896029771587,-0.10266821345707644,50.55685776328832,-0.0026755852842809125,1.0,3.0,30.94,1.6497298630465116,31.17,29.69,31.17,9547874490.0,22.597137,—,—,—,False
HUT,—,NO TRADE,No trade: move not extreme enough,9.811980871151128,39.38353962203526,34.740823674220366,0.037864752200092555,-0.07426151621565791,0.01748212055851961,-0.1561852758425909,1.006730298265876,1.6462064961802305,0.8239446181813205,0.08120924002213714,3.748250858843907,0.0419369373406538,-0.0569384849154817,-0.024454816782134188,-0.45313570553684973,mixed,AI Cloud / Crypto Miners,-0.05375481344041899,-0.024718802807782714,0.1168621196144004,-0.36342329545454555,46.92963124683514,0.04272811486799433,2.0,1.0,89.63,7.278784183184152,93.0,88.1,97.93,11047745954.43492,-16.75,—,—,—,False
RRC,—,NO TRADE,No trade: move not extreme enough,9.792066959568169,37.21992002780262,32.62271583804324,0.01675531914893602,-0.009842009842009891,-0.09771064432381404,0.04083855159270344,1.0407407116958987,1.2858024009900944,0.34595886521809205,0.028403239651467304,1.201153714481342,0.07849918406130593,-0.0698554911204714,-0.17620982838511998,-1.1573169090259516,mixed,Energy Services & LNG,-0.029818550945311606,-0.042320275354840176,-0.028731558475543095,-0.2086524529083007,43.6300758339847,-0.0090425531914895,1.0,1.0,38.23,1.085855851875595,38.295,37.26,38.56,8931249600.0,10.54999,—,—,—,False
IQV,—,NO TRADE,No trade: move not extreme enough,9.745081576077485,37.95234528171784,27.947525077457247,-0.009627186253452158,-0.044975404075896064,-0.04937044400265089,0.23563190888644292,0.8301647227966167,0.9932379416700088,0.24174838885773378,0.027152219767329063,0.830278787703315,-0.11639288663880575,-0.00850700177709407,0.06702244263615485,-0.012140126282148537,mixed,Life Sciences Tools & Services,-0.030016848202764623,0.017394326295905982,0.2544650936257713,-0.06917808219178079,45.290229040767585,-7.671064743797196e-05,0.0,2.0,258.21,7.010974666122037,261.98,257.07,273.5,42514537591.21379,32.029225,—,—,—,False
DELL,—,NO TRADE,No trade: move not extreme enough,9.587067022430155,39.54018383049077,32.46517349738827,0.03835788385572414,-0.0006573220345005293,0.08933170665582213,0.2494336102349961,0.5934633301028,0.6193477264873899,0.6564814063398925,0.05147873041044191,0.8663858875099563,-0.04488064352699139,0.014911101181820818,0.13421235018281352,-0.09311875512589984,industry-wide,"Technology Hardware, Storage & Peripherals",0.026222940603416012,0.15045069476570716,0.9189017381561491,-0.05539789424191033,58.21325951580138,0.023092258278879063,1.0,3.0,562.52,28.957815430481784,567.9999,548.01,567.9999,357668836850.7607,32.65472,—,—,—,False
Q,—,NO TRADE,No trade: move not extreme enough,9.557854169189046,42.103477989196236,27.93988825645301,0.023588945114830784,0.05445504852033034,0.10981683126529918,-0.08350759793670726,0.771985402280443,0.9338659581535198,0.3858038266934129,0.036070975427190614,0.5566847318947878,-0.12736984102635474,0.035396225791297864,0.2371866722916539,0.014490715228672665,industry-wide,Semiconductor Materials & Equipment,0.07017422481960955,0.03052543629600235,0.0459937318340331,-0.25834795710060765,60.515420066407046,0.0250681198910081,2.0,1.0,131.48,4.742611849167021,132.41,130.0,132.41,27506738839.2,47.081573,—,—,—,False
PTC,—,NO TRADE,No trade: move not extreme enough,9.403875580633661,37.14726906756168,28.564682226556222,-0.016658701440568024,0.042788879235447386,-0.040311833688699394,0.16350270619597707,0.6384499593575157,1.109304736555228,0.4689810442467229,0.03489078663663328,1.0334721567294634,-0.016473321050733073,-0.1147324391627007,-0.02383851263796632,-0.21136552833341643,mixed,Application Software,0.05407986651102714,0.01237724846786814,-0.007453915657357646,-0.30359733101247455,55.16845261306676,0.01061650850003426,1.0,2.0,144.03,5.025319999274291,148.025,143.51,149.38,15631412018.997305,13.924014,—,—,—,False
NBIS,—,NO TRADE,No trade: move not extreme enough,9.37378257803451,39.4047684614097,33.093005160257896,0.04533321852936112,0.023090211941178884,0.15277975597018467,0.12308048103607772,0.7901093974675433,0.9645367392762512,0.6482597593522975,0.06619709231774078,4.512852920034326,0.1868986895674378,0.07835915049618336,-0.03411893359725312,-0.06779751523805645,company-specific,AI Cloud / Crypto Miners,0.057929954240314,0.10947377559669458,0.4475417395599308,-0.1902554525445208,57.14764487319823,0.014981918374375791,4.0,2.0,242.81,16.07331598567064,248.34,235.3417,250.48,66009164708.991714,918.343419,—,—,—,False
PFE,—,NO TRADE,No trade: move not extreme enough,9.359130298657128,40.29330338010446,25.141459730953265,-0.011379800853485111,-0.03034530868503671,-0.03505727178063167,0.1463917525773195,1.0946016442891136,1.0946016442891136,0.13778703148066898,0.018530407501483288,0.6142087080525452,0.014467278151963893,0.005806170444925152,-0.049524549932595564,-0.1978112886639631,mixed,Pharmaceuticals,-0.007550470342537863,0.017256773173694784,0.05305224161867028,-0.04827114002054089,47.70507590741079,0.0008890469416784619,3.0,2.0,27.8,0.5151453285412354,28.16,27.44,28.945,158422434129.95645,36.811441,—,—,—,False
ORCL,—,NO TRADE,No trade: move not extreme enough,9.293725899468981,41.48494562658699,32.388187136782115,0.03063663359165658,0.03792851932895713,-0.07621397039729927,-0.013312994036888015,0.9899702543600792,1.3339291584783681,0.46648086349977996,0.0482824203838257,1.1710438397481264,-0.053296025367245765,-0.15063457587130058,-0.022917945030053503,-1.0534208341407174,mixed,Application Software,-0.025232303650754906,-0.008997715750181046,-0.1263962772080287,-0.5588144106157376,48.30792916904104,0.029115665966538806,1.0,1.0,142.3,6.870588420618398,144.86,140.26,144.86,430913187400.0,22.31037,—,—,—,False
WULF,—,NO TRADE,No trade: move not extreme enough,9.29264721738565,39.779676373537725,33.07037150734578,0.03890006706908111,-0.015883100381194448,-0.04559457794208255,-0.3323275862068965,0.9921928693652302,1.0791238897613549,0.7423229925642661,0.06885931173309602,5.596330433353575,-0.025645239624277085,-0.12001518341608386,-0.019949338317805463,-0.80505450009968,mixed,AI Cloud / Crypto Miners,-0.037230405867362704,-0.057137813704066565,-0.1425621836156864,-0.48089812332439674,46.11275114566764,0.03822937625754519,2.0,0.0,15.49,1.0666307387456573,16.24,15.15,16.24,7734019500.0,-3.52,—,—,—,False
LUV,—,NO TRADE,No trade: move not extreme enough,9.251938050886144,37.140270509999226,22.135470292498326,0.015057361376672906,-0.0049203373945642115,0.09656596953266217,-0.13713937423811462,1.0107282592712,1.0107282592712,0.2445402674231194,0.029425680658480217,1.2666090054397754,0.06533762409351382,0.12297522709453212,0.031228345439148347,1.4124507698927955,mixed,Industrials,0.04400196656833821,0.005883244595183523,-0.02407638262548062,-0.22935946289239706,57.14944134805381,0.022944550669215857,2.0,1.0,42.47,1.2497086575656549,42.83,41.81,43.17,20776671863.202908,25.764378,—,—,—,False
BDX,—,NO TRADE,No trade: move not extreme enough,9.166393447031874,39.343076759821884,27.870164984537244,-0.0071320267310607255,-0.038189533239038065,-0.057669758021532846,0.17202519058667565,1.0273631720226377,1.0273631720226377,0.2473309193349043,0.02132651991403745,0.68478818739514,-0.004810591675084214,-0.016806315795976023,-0.05285916634644863,-0.28929957741947343,mixed,Health Care Equipment,-0.0231639432573173,-0.018288267878480924,0.08577205254241327,-0.08426995390272951,42.155650414263604,-0.003425619138540892,0.0,2.0,176.8,3.770528720801821,178.13,175.71,184.34,48160745470.0,53.326899,—,—,—,False
ENPH,—,NO TRADE,No trade: move not extreme enough,9.134985577251875,36.44040901930071,36.32276419620393,0.01980499695307736,0.03302469135802477,-0.07821536766730941,-0.2543996435731789,0.9807443840316791,1.2402724753794452,0.4718078711112229,0.05240007227866003,3.5384789435846984,0.004984662608022841,-0.023089144071224976,-0.08320003027533225,-0.02479982159257002,mixed,EV & Autos,-0.03575235516118813,-0.09437985177809471,-0.1882203422717219,-0.5461079468402494,42.629609128751184,0.02376599634369292,3.0,1.0,33.47,1.7538304191667513,34.19,33.145,34.19,4425536050.0,33.16817,—,—,—,False
FIVE,—,NO TRADE,No trade: move not extreme enough,9.08601362703167,37.242446046299605,31.377273965310604,9.042817742010989e-05,-0.006334231805929957,-0.07822137022837139,0.2005536257056013,0.5108946373255282,0.8418086509373808,0.3673135600977336,0.04110227208683947,1.134601682110004,-0.003141540355431849,-0.023095146632286956,-0.07507982987293954,-0.5601394250516082,mixed,Retail & Internet,-0.05601836835726104,-0.05732828279384394,0.02994795198372313,-0.16176219801042158,39.68641468990417,0.007053397838766573,1.0,2.0,221.19,9.091411562888021,224.39,220.01,230.53,12175199700.312696,19.845322,—,—,—,False
WMB,—,NO TRADE,No trade: move not extreme enough,8.989371806793638,39.73549225699916,31.211303475831915,0.019069633054030755,0.018481085763788707,-0.047400405131667656,-0.06507620941020542,1.1133327409951266,1.292363113517643,0.20831431686108914,0.02515886437084853,0.6782158653335186,-0.0010123004229220314,-0.019545251928325014,-0.046388104708745624,-0.4927253652716765,mixed,Oil & Gas Storage & Transportation,-0.012086326905031752,-0.021761439594392917,-0.008790067666166967,-0.11907586637527312,46.41109663660392,-0.0041895405952036,1.0,2.0,70.54,1.7747062927196553,70.56,68.65,70.56,86288527650.0,28.158557,—,—,—,False
UNH,—,NO TRADE,No trade: move not extreme enough,8.95691846904273,40.36021325735296,26.482977876165386,0.018346111719605762,-0.012453862290554674,-0.07242978999351524,-0.1384822090437362,0.6370659901965643,0.9384598146507032,0.1903191851739685,0.023146359460415312,0.36879973707518426,-0.010106398688458196,-0.031566347767958414,-0.06232339130505704,-0.7885188213111975,mixed,Managed Health Care,-0.01816487385174259,-0.05546951470079542,0.04362999149577673,-0.1943589965772714,40.39474502407405,-0.00016429353778757427,1.0,1.0,371.9,8.608131083328454,372.68,364.47,380.98,333788652650.0,23.914861,—,—,—,False
KMI,—,NO TRADE,No trade: move not extreme enough,8.928941392061036,37.13307762993661,28.178658494552433,0.017687520471667106,0.010406504065040734,-0.016772151898734267,-0.0410493827160493,0.9047161746924429,0.9365326433009902,0.18950999284034412,0.023014672168685944,0.5256401288809244,0.03982537055432248,0.011083001304608375,-0.05659752245305675,-0.05003288320113234,mixed,Oil & Gas Storage & Transportation,0.0,-0.012823445681459988,-0.012390415705122115,-0.10731216779198394,48.94565796555461,-0.005076973468719381,1.0,2.0,31.07,0.7150658642810723,31.12,30.33,31.12,69175604704.90092,20.042575,—,—,—,False
COP,—,NO TRADE,No trade: move not extreme enough,8.8853345792488,39.03818946219075,32.41207382532501,-0.0024397922241461423,-0.0043205027494108705,-0.06609195402298851,0.17339381596000747,0.7636238334718746,1.083247598579094,0.32433143472478465,0.024947575038706253,0.43662035726771775,-0.003111701392771671,-0.038236800819645866,-0.06298025263021684,-0.8280459695391625,mixed,Oil & Gas Exploration & Production,-0.033785122958942426,-0.009781097170356579,0.08768033611253179,-0.10499929388504448,44.74604619802827,-0.01613410986935304,1.0,3.0,126.75,3.1621051361560175,127.13,125.01,129.36,152281858400.0,16.79275,—,—,—,False
FLEX,—,NO TRADE,No trade: move not extreme enough,8.810280658240572,42.89830364269267,28.457215295413736,0.03395992197198083,0.016829438437391042,0.0808230605246083,-0.16671430613119909,0.5887730197123011,0.9853884107831619,0.4956555724240801,0.04570450545414263,0.5290495745838556,0.04573332583566567,0.006402455050606992,0.035089734688942636,-0.4036074707722939,mixed,Information Technology,0.04408321507075619,0.022012578616352307,0.17064444172276771,-0.3011506652283352,55.16318600006934,0.023142401134953028,1.0,1.0,116.61,5.3296023810075726,117.84,113.99,117.84,43053919650.0,45.026643,—,—,—,False
BTDR,—,NO TRADE,No trade: move not extreme enough,8.723674935469157,37.916535495716346,36.304677998949956,0.03571428571428559,-0.04257167680278018,-0.07472712006717053,-0.2309839497557572,1.1264664981912038,1.517998264365597,0.784093508459903,0.08098659715398365,4.208060014896957,-0.056858677615442776,-0.14914772554117184,-0.01786844245172775,-0.8022044749914174,mixed,AI Cloud / Crypto Miners,-0.062007915904157995,0.00846488217799135,-0.08170301592228646,-0.6035971223021583,46.792823811716815,0.05921052631578938,2.0,0.0,11.02,0.8924723006368999,11.825,10.85,11.825,2995040345.285717,-5.45,—,—,—,False
ADSK,—,NO TRADE,No trade: move not extreme enough,8.723603770139222,37.204602773272626,33.24220660866175,0.0032653447541526326,0.01241642788920716,-0.10744358369821494,0.016396586441653094,0.7137075790222231,1.0132781292047375,0.486683237816146,0.03743864826323674,0.8004626794258374,-0.08532639798356953,-0.18186418917221625,-0.02211718571464541,-0.6891198574384668,mixed,Application Software,-0.011912973769085844,-0.09173050615888123,-0.11284534038230709,-0.35009196811771914,42.16612509638159,0.00799772845582325,2.0,1.0,212.0,7.936993431806189,214.33,210.67,216.5091,44324720000.0,27.461851,—,—,—,False
ETN,—,NO TRADE,No trade: move not extreme enough,8.688193730993387,34.99633525696284,27.312478506594317,-0.0026756311745333994,-0.008795854357016242,0.09818190975020147,0.07461252248478445,1.0047649292683807,1.1402081308950298,0.4272403156583317,0.032045386194001095,0.5391189495365603,0.06708822599584806,0.12459116731207143,0.031093683754353407,1.5014355994359934,mixed,Industrials,0.030414365456747028,0.033608940263465836,0.12077147194447746,-0.08763598326359834,56.28025186281237,0.021222100256128806,3.0,2.0,436.11,13.975313373065818,452.0,433.65,452.0,169354052000.0,44.372882,—,—,—,False
HLT,—,NO TRADE,No trade: move not extreme enough,8.649665180065579,37.90120721305343,22.320693232244736,0.012427085975145857,0.01719964326665835,0.01593764911722606,-0.05416851769583875,0.6577793111528792,1.1241398643445126,0.18290438432079228,0.020445776194047204,0.49962721880345673,0.05190945747204049,0.0710638727133105,-0.03597180835481443,0.6796620058974384,mixed,"Hotels, Resorts & Cruise Lines",0.0280661147979262,0.005509268908870046,0.010324538602062727,-0.10793296089385473,55.17621366736164,0.011285822977428417,0.0,1.0,319.36,6.529563085330915,321.59,316.765,325.925,71894763600.0,46.925371,—,—,—,False
WAT,—,NO TRADE,No trade: move not extreme enough,8.644177989646732,38.172889410447205,26.963681029347818,-0.0007520033840152651,-0.019213913364395485,0.02817003578682642,0.12748919470739528,0.8958352605120858,1.494368341824302,0.24116026071306873,0.027385423493520463,0.6367563093627396,-0.02915984687564377,0.06903347801238324,0.05732988266247019,0.7169986621232505,industry-wide,Life Sciences Tools & Services,0.008255311177688851,0.03663335150405822,0.16962056305232975,-0.051315231699426644,53.14421737138662,0.0029375132188094177,4.0,2.0,425.21,11.644555923679835,433.34,423.44,448.21,41776076231.77262,106.17509,—,—,—,False
CRCL,—,NO TRADE,No trade: move not extreme enough,8.63925705155806,34.524479070046524,35.725628646101086,-0.020021710288264383,-0.0870786516853933,-0.21292260001937424,0.2894778606570385,0.9961392216955831,0.9961392216955831,0.7572544858015718,0.07543752878617836,5.653942174040704,-0.11085523867560974,-0.12634473116691525,-0.1020673613437645,-0.5885760524794779,mixed,Crypto & Fintech,-0.0930958081493014,-0.0018795376091791383,-0.05573708001364375,-0.4904997805229824,43.81111114015503,0.03461584851043309,2.0,0.0,81.25,6.129299213876992,88.4,80.14,88.4,20720269961.35256,48.898652,—,—,—,False
CLF,—,NO TRADE,No trade: move not extreme enough,8.61220074900496,33.72180454037001,32.05443270732207,-0.013077593722755076,-0.07060755336617397,-0.07817589576547224,0.20425531914893624,1.0378440608834323,2.056434593505618,0.5183865880057126,0.05348295739043248,2.5616428334203323,0.08359912003401296,-0.0067201755070154245,-0.1617750157994852,0.25457218230632966,mixed,Metals & Mining,-0.05587989991659714,-0.0492667932071289,-0.005420982805732,-0.32215568862275445,44.27595704088149,0.016564952048822912,1.0,1.0,11.32,0.6054270776596957,11.89,11.265,11.89,6458513232.272017,-7.0,—,—,—,False
NEM,—,NO TRADE,No trade: move not extreme enough,8.573975559032386,36.88709053009363,32.706884211597895,0.007761402284817365,-0.048340607757555776,-0.11400751360883232,0.21885877017192268,0.5925383721600854,0.8987331687551683,0.3035685645552016,0.03318108652643546,0.38270671435645076,-0.005261868482836662,-0.04255179335037551,-0.10874564512599566,0.01053963738925871,mixed,Materials,-0.05625245001960022,-0.01930665761446082,0.036400937209224216,-0.14583487323527233,41.449213839714716,0.011511293276358137,0.0,1.0,115.56,3.8344063589948822,116.66,113.86,117.89,121764676729.96426,14.592199,—,—,—,False
SNAP,—,NO TRADE,No trade: move not extreme enough,8.572356176680358,35.9320363426251,31.860514518263017,-0.012389380530973493,0.029520295202952074,-0.021052631578947434,0.18723404255319154,0.8999526654814836,1.4639046358530692,0.46095914050752496,0.04960081014080705,1.7529494391927511,0.056625777323511386,0.034073592017137,-0.07767840890245882,0.3314831113961862,mixed,Retail & Internet,0.00876796528970436,0.04236718224613312,-0.008784161863059303,-0.3888280394304491,53.06621155671832,0.012389380530973382,2.0,1.0,5.58,0.27677252058570334,5.79,5.47,5.79,9436897300.14,-30.0,—,—,—,False
ASAN,—,NO TRADE,No trade: move not extreme enough,8.472417140099964,37.40006176874262,36.46838144666198,-0.034714445688689866,-0.04434589800443467,-0.14568880079286428,0.16960651289009476,0.434303479287754,1.03128481038906,0.8417558939440755,0.0722753304301321,1.7818978607288138,-0.12455226167038937,-0.2201094062668656,-0.021136539122474915,-0.7853032700528748,mixed,Application Software,-0.045985280283327046,-0.05170517051705181,0.026190476190476097,-0.4431524547803618,45.16782286775822,0.007838745800671898,2.0,0.0,8.62,0.6230133483077386,9.1,8.49,9.28,1973724529.06,-13.2,—,—,—,False
CRWV,—,NO TRADE,No trade: move not extreme enough,8.456579180585758,38.36050328988975,33.85529980564839,0.011855029919837445,0.023176161662290307,0.05983916745506157,-0.0008918617614269708,0.7743556393314279,0.8895978759200205,0.6962595260727402,0.057609369457761676,4.277434985585327,0.08731948758694875,-0.01458143801893974,-0.027480320131887188,-0.3132120361270946,company-specific,AI Cloud / Crypto Miners,0.02784069730768124,0.033712738127644304,-0.028814526819353814,-0.4150126729847735,53.75812061601343,0.026871401151631558,3.0,2.0,89.62,5.162951690804602,92.8,88.55,92.8,49423195801.32,-24.47,—,—,—,False
ULTA,—,NO TRADE,No trade: move not extreme enough,8.448163881961229,37.76635621274113,25.970872643598252,0.011083629330705058,-0.0027696258253852024,-0.024088600096928703,0.18131844255171226,0.671779753483484,0.8581972039005455,0.2532290682058041,0.028746892114383613,0.798021399754429,0.0504724442254689,0.03103762349915573,-0.0745610443223976,0.027466299863477203,mixed,Consumer Discretionary,-0.0042252979411973035,0.01708783894509769,-0.021559162543976607,-0.23956239276646474,51.219653183235046,1.8596693507788586e-05,0.0,2.0,543.69,15.629397773669229,548.16,535.77,557.959,23254949100.0,19.80865,—,—,—,False
CAT,—,NO TRADE,No trade: move not extreme enough,8.4260461756917,35.84999607576667,27.83259800827289,0.02307738851576202,0.029017259426957764,0.05659009673307169,-0.09907394580078643,1.0255462409992275,1.0255462409992275,0.2631944139345447,0.02756839578051233,0.5193410561809975,0.022030428560624142,0.08299935429494165,0.03455966817244755,1.2903967351844094,industry-wide,Industrials,0.04206366619252688,0.02668242478824423,0.06329425645399245,-0.2124345574124793,58.82058458048269,0.017486537181581552,3.0,1.0,845.42,23.306873160760734,858.87,836.46,858.87,388678196250.0,36.365592,—,—,—,False
WST,—,NO TRADE,No trade: move not extreme enough,8.348092040464168,37.709579979466945,24.86793180783684,-8.218952905392207e-05,-0.01473922902494329,0.06491990779914225,0.020466364703908724,0.7535932276405459,1.0992099603521932,0.2239970894618045,0.02233747268034547,0.6721287715379435,0.11533180076198038,0.10578335002469907,-0.05041189296283812,1.1156086037733939,company-specific,Health Care,0.010735149340840078,0.03737423635124393,0.2072638264091029,-0.054455958549222805,54.19637344370365,-0.0007397057614859648,2.0,2.0,364.98,8.15273077887249,368.8538,363.26,378.47,25679425662.0,46.658315,—,—,—,False
DAL,—,NO TRADE,No trade: move not extreme enough,8.339220800467743,36.73263387921537,23.14946243337481,-0.0004754546535122861,-0.010007063809748029,0.06780952380952376,-0.05516853932584265,1.134748185102828,1.134748185102828,0.26159319162169814,0.028012901810175368,1.2398290234498355,0.03418480789344722,0.09421878137139372,0.03362471591607655,1.2499440917946214,mixed,Industrials,0.032989576743300386,6.897847633680065e-05,0.1093821220478648,-0.12113294314381273,54.98287713627568,0.019374777130631182,3.0,2.0,84.09,2.355604913217647,86.17,83.34,86.17,55319247988.8539,13.970063,—,—,—,False
BILL,—,NO TRADE,No trade: move not extreme enough,8.319512219260794,37.41274424765727,32.392658994152725,-0.003654636820466073,-0.014237288135593329,-0.14235155328352345,0.07650542941757132,0.6599784128642829,1.2939180584871457,0.3819144234295292,0.04223505780051044,1.4071599778603325,-0.12112944371209107,-0.21677215875752476,-0.021222109571432373,-0.9047706146992563,mixed,Application Software,-0.0573743922204214,-0.07821441552623354,0.007889589646603135,-0.23754588358678563,40.455689875959415,0.006167199634536269,1.0,1.0,43.62,1.8422932212582654,44.2899,42.93,44.37,3719774016.0,-358.72,—,—,—,False
NOW,—,NO TRADE,No trade: move not extreme enough,8.306823522488173,39.0683944292761,32.696215187335156,-0.024535423925667765,-0.009143194219141781,-0.07699704650044648,0.2346563763322307,0.7212982985430869,0.8204016875417705,0.44537077520628227,0.044941569139831994,0.8568435203094779,-0.14592656519850528,-0.1514176519744478,0.06892951869805879,-0.47568118860188535,mixed,Systems Software,-0.013612557758864274,0.04017821895604423,0.1608158398236541,-0.30360788947275696,50.34803751656934,0.01201364692218343,2.0,2.0,134.38,6.039248061010623,139.5675,133.47,140.8,138933410000.0,83.919316,—,—,—,False
MU,—,NO TRADE,No trade: move not extreme enough,8.25639244067656,42.33253682931444,25.92846934044636,-0.020503193941989628,-0.006828177551095771,0.12182725223344759,0.08395183736033252,1.04293645983403,1.8296139264017968,0.5081754213887971,0.04324618678538945,2.420548944826052,-0.07296455543905594,0.04740664675944628,0.19479180767250354,-0.36807537776214017,industry-wide,Semiconductors,0.048671636090288795,0.12430817899186186,0.5769769493163859,-0.14351394422310748,59.26406130915774,0.009071524253000174,1.0,2.0,1074.89,46.48489371374727,1108.0,1072.01,1108.0,1213273180348.3718,14.461052,—,—,—,False
T,—,NO TRADE,No trade: move not extreme enough,8.220826423412936,37.25651120616715,33.03424820152123,0.0,-0.04255319148936165,-0.07216494845360821,0.15494296577946787,0.7620080141003865,1.037426092150954,0.22494137181315088,0.021263802359681422,0.42523996736904934,0.01940156669388811,-0.045176061524696554,-0.09156651514749632,-0.8396026432852047,mixed,Communication Services,-0.0413823030494298,-0.026699670760135685,-0.033854839671589976,-0.17445218277560726,38.099185644031685,0.0024691358024691024,1.0,1.0,24.3,0.5167103973402586,24.495,24.21,25.4,166615862850.0,8.03598,—,—,—,False
VRSN,—,NO TRADE,No trade: move not extreme enough,8.158139354856386,39.2518311216306,29.49614931391832,0.0049494597420705055,0.003724978241949506,-0.017146753025396366,0.06793095784872949,1.718831837222226,1.718831837222226,0.253934711091442,0.02551054772800599,1.3757452768449658,-0.06312202255322841,-0.09156735849939768,0.04597526952783204,-0.03762135253191827,mixed,Information Technology,-0.012842767683200251,-0.003331331837915563,0.08438878075841783,-0.07731694828469027,48.50335196269604,0.003171836876960654,1.0,3.0,288.32,7.355201120938687,288.68,284.6,288.68,26018139314.341763,31.293551,—,—,—,False
PSKY,—,NO TRADE,No trade: move not extreme enough,8.092429621812377,42.34945171128204,30.188195340249223,0.017130620985010614,-0.04618473895582342,-0.13949275362318836,0.018220793140407254,1.4589516674229666,1.843509157149522,0.5578235758245479,0.0582639674176965,3.3324711529702835,-0.05014351562901215,-0.1125038666942767,-0.08934923799417621,-1.317051807889706,mixed,Movies & Entertainment,-0.0788548711608853,-0.040452502398868884,-0.10025950410092233,-0.5115681233933163,41.19081928373041,0.0010706638115631772,1.0,2.0,9.5,0.5535076904681168,9.67,8.97,10.42,10669745327.37,-16.84,—,—,—,False
GLW,—,NO TRADE,No trade: move not extreme enough,8.058239496508175,41.40595492164674,35.7892162034816,0.02350081037277163,0.047530942962868306,0.12458904109589031,-0.1465329036282358,0.8899861772020426,0.9352058106836216,0.7567603766076544,0.049307467366685655,0.8722380212203618,0.09436219313709011,0.050168435621888996,0.03022684795880019,-0.12041791098239651,company-specific,Information Technology,0.05242916342169268,0.07351473916972107,0.09091199019846918,-0.3958716609022003,56.63021208596927,0.02231641939907747,1.0,2.0,164.19,8.095793066936118,165.14,159.501,165.14,141465795558.14423,75.309605,—,—,—,False
CPAY,—,NO TRADE,No trade: move not extreme enough,8.03288105959071,37.2341716254846,32.09849417324786,0.012495830446719536,-0.008816658712416103,-0.05975981700343114,0.12370429433876295,1.20636781160504,1.7531723632980458,0.15745921780348532,0.02086489738202982,0.8777954784981936,0.04797704647162283,0.026818051849027857,-0.10773686347505397,0.5281777902761324,mixed,Financials,-0.015520643878439544,-0.01764211203460586,0.13805573589031517,-0.07687268984232432,45.55747799694867,0.0057988864085392056,2.0,1.0,394.6,8.233288506948968,397.305,388.9438,399.32,25911904544.0,23.985801,—,—,—,False
CHWY,—,NO TRADE,No trade: move not extreme enough,7.961128717793603,38.51911673294068,34.116361068046125,0.02539503386004527,-0.005473453749315738,-0.2416527545909849,-0.12094823415578126,0.7233760274386904,1.0078375385933906,0.5236501162347221,0.05010577355586657,1.974629304649634,-0.17400162400725505,-0.18652653099490046,-0.06765113058372983,-1.833053548162114,mixed,Retail & Internet,-0.09249825192288463,-0.1710917683983868,-0.2581129856767217,-0.5423173803526449,31.65918612752607,0.014672686230248422,2.0,0.0,18.17,0.9104219055100956,18.345,17.8201,18.965,7305027527.715858,27.782875,—,—,—,False
PWR,—,NO TRADE,No trade: move not extreme enough,7.895829571842099,37.82653679573913,27.65524555897178,0.021068517959553112,0.04225655877867296,0.09112021417282201,0.012556684676055418,1.0523092375255982,1.1132796040287574,0.34333619666388526,0.03182440326293908,0.577710793249555,0.05943805578702032,0.11752947173469197,0.03168215838580169,1.0162449156129871,mixed,Industrials,0.06058515908150319,0.0521296855274318,0.11707639563551608,-0.14223771790808248,61.5793039415749,0.010624811349230212,1.0,2.0,676.56,21.531118271574062,683.67,668.07,683.67,101750903976.28688,77.488518,—,—,—,False
SOLV,—,NO TRADE,No trade: move not extreme enough,7.833902947815864,38.327232956172416,26.859390717355954,0.0009114731685084809,-0.018435754189944142,-0.04965382951103425,0.1565297525013165,1.015874407770911,1.015874407770911,0.18717830438419394,0.021688569055533877,0.5172322556036872,-0.01833755943322555,-0.00879038728547743,-0.031316270077808704,-0.20725209311618462,mixed,Health Care,-0.012194367765040681,-0.0031250921981629265,0.12706738605682277,-0.06701359388275274,45.96005510516683,0.0050131024267972,1.0,2.0,87.85,1.9053407915286509,89.025,87.79,89.89,14959260742.486536,10.737902,—,—,—,False
DGX,—,NO TRADE,No trade: move not extreme enough,7.782973578126431,37.68431121301008,27.717335751152355,0.00969319312821848,-0.012652335815842797,-0.025355054302422686,0.12150925258351353,0.9679770037514471,1.3698555413689144,0.26360340423874074,0.02338379169133023,0.9973982881477413,0.03744616097366843,0.015508387923134137,-0.06280121527609112,0.05104439343529787,mixed,Health Care Services,-0.01814494070913386,-0.018747792150991538,0.1322378936968711,-0.06232920752290627,44.99063892536598,-0.002206932364014036,2.0,1.0,233.33,5.456140115338083,233.48,228.83,238.104,25751760413.283768,24.750721,—,—,—,False
TJX,—,NO TRADE,No trade: move not extreme enough,7.699070077338218,36.16551267011272,22.354426551425696,-0.006811887117299187,0.02014454866984483,0.0037067856872683436,-0.1207422133863486,0.7502542483335263,1.2941660421679857,0.23959158021109744,0.021555196398097047,0.6319810089018955,0.0794259710840075,0.05883300928335278,-0.07571918539673915,0.31561619409724145,mixed,Consumer Discretionary,0.026760149200600436,-0.05900842693840147,-0.13030653613835896,-0.21952941176470586,48.33152190784074,0.002881952241934105,2.0,1.0,132.68,2.8599434580995164,133.975,132.37,134.67,145999553580.45135,24.539923,—,—,—,False
NXPI,—,NO TRADE,No trade: move not extreme enough,7.6756906591203515,40.15045375367303,26.190776458510573,0.018688072243822962,0.0234375,0.0829814658429262,-0.16135471879947694,0.7501795038609921,0.9995701477492315,0.38231988681634027,0.030638417521724526,1.0636098588556717,-0.11298748687171434,0.008560860368924894,0.19596895271464054,0.05724177363617325,industry-wide,Semiconductors,0.05242698318086414,0.04735491946465653,-0.00831562310906242,-0.28324753640241207,59.59969283674953,0.02583720055186256,4.0,1.0,243.66,7.465356813343398,248.86,242.73,248.86,61467538706.66359,20.679997,—,—,—,False
TOST,—,NO TRADE,No trade: move not extreme enough,7.627557838287904,41.731752271593265,30.14559994129012,0.01915839890523441,-0.026470588235294246,-0.12201591511936338,0.03258232235701897,1.1467433294222418,1.5889209064298082,0.3407489049169307,0.036180689281756356,1.6494722891566265,-0.10027237892833717,-0.1964365205933647,-0.02174353619102622,-1.145236292059169,mixed,Application Software,-0.037806236979376906,-0.09573273271450156,0.0003878643784345215,-0.2500943989930775,39.02237081906724,-0.0006842285323297448,0.0,1.0,29.79,1.0778227337035218,30.2,28.93,30.65,17305085000.0,38.06056,—,—,—,False
PINS,—,NO TRADE,No trade: move not extreme enough,7.625714591186094,36.66955684063781,30.841362909067183,-0.010277492291880796,0.019047619047619202,-0.07625899280575543,-0.15154185022026423,0.5663242967079143,1.0733090906591076,0.5320055767598723,0.0388235533433106,1.5353789703358383,-0.001089963959060622,-0.021132769209671,-0.07516902884669481,-0.33226626035625373,mixed,Retail & Internet,0.016251582946390952,-0.1067701811503462,-0.09259019328394247,-0.4562394127611519,45.44258882782185,0.007194244604316502,1.0,2.0,19.26,0.7477416373921622,19.6,19.12,19.6,10904357180.845,56.135238,—,—,—,False
QCOM,—,NO TRADE,No trade: move not extreme enough,7.458588151882589,38.12143253523905,29.506890032127004,0.01526717557251911,-0.08466603951081841,0.09669573470961623,-0.032651352624143204,0.6760605911018047,1.1450242710449006,0.5636473761127843,0.045159211577649405,0.9638114589134417,-0.09885763409997309,0.02227512923561492,0.19555336880958932,0.07656213648856461,industry-wide,Semiconductors,-0.0022801786364802235,0.0782961905295183,0.09223207760419116,-0.2887426900584795,52.39035760995434,0.02539952770607945,3.0,1.0,184.87,8.348583444360045,188.95,183.36,199.16,194198737525.9143,21.396,—,—,—,False
RDW,—,NO TRADE,No trade: move not extreme enough,7.448177150169714,35.09162653184431,35.067728996981835,0.029328287606433356,-0.06368330464715999,0.049180327868852514,0.03915950334288443,1.155395994706902,1.155395994706902,0.6491743181667383,0.06849623334034219,6.1457608813046765,0.08547272410002613,0.07558958543072247,-0.03629239623117361,0.4025762769463443,company-specific,Space & Drones,-0.010639265254160146,-0.019254344847479454,-0.01569638576016652,-0.5915915915915916,47.97188841382983,0.024597918637653704,3.0,2.0,10.88,0.7452390187429231,11.36,10.585,11.72,2718673875.0,-7.45,—,—,—,False
UHS,—,NO TRADE,No trade: move not extreme enough,7.396845288836775,35.387656451523426,25.643648105267282,0.0037128005940481046,-0.017555630101755648,0.03847290349270138,0.1322164948453608,0.7588399611084288,0.972430493543672,0.2465269095608518,0.029211854315514985,1.0145742340342483,0.08447696240446603,0.0793363457182582,-0.04600405891176464,0.8581751851007777,company-specific,Health Care,-0.0024835729389892647,0.018048165520309967,-0.028143841569526873,-0.28663351263574544,51.57832091208005,0.0022276803564289516,0.0,2.0,175.72,5.133107040322293,176.73,173.5,183.46,10357744164.48,7.155772,—,—,—,False
TRGP,—,NO TRADE,No trade: move not extreme enough,7.377457217619875,39.000109379249885,26.567854831343706,0.008700010740753994,0.014036855744313348,-0.04019895073925195,0.03193905208409653,1.1086879771448759,1.2027555959823721,0.22309470153402716,0.02719966410299265,0.5810330212366411,0.008589638766965578,-0.012343797535909307,-0.048788589506217526,-0.22568376714943397,mixed,Oil & Gas Storage & Transportation,-0.009810864526423213,0.0016887988196185866,0.13510002933033372,-0.08508150938494508,48.81254261941093,-0.010024703734202167,1.0,1.0,281.74,7.66323336437715,281.91,275.74,281.91,60396639446.259056,26.897447,—,—,—,False
DRI,—,NO TRADE,No trade: move not extreme enough,7.250994405493357,37.78054689392864,31.27377761381169,0.014791550580011137,0.0029036295369211373,-0.08122362869198307,-0.007874405705229681,0.8190207608447672,1.173864092646985,0.32264483287338946,0.02643252257601348,0.9662468513853905,0.03888564345813175,-0.02609740509589864,-0.12010927215011483,-0.875461235040444,mixed,Restaurants,-0.03153915321917866,-0.05416826012851561,-0.01822769834846316,-0.12809966813557472,42.392748196097756,0.0025327997568511673,1.0,1.0,200.33,5.295227247652781,200.905,197.06,202.39,22753816800.0,19.569401,—,—,—,False
AMGN,—,NO TRADE,No trade: move not extreme enough,7.205257104059291,40.689741359230375,28.424522744835283,-0.010386230264934682,-0.027905742746195172,-0.09249752319193005,0.10840987844452998,1.0816393829151787,1.1957739551467934,0.471139194452183,0.02565198557708826,0.6492978337808889,-0.03402171624775919,-0.05163408096637323,-0.058475806944170865,-1.0179845650983097,mixed,Biotechnology,0.009600270535999655,-0.015732311619970685,0.10560375747271444,-0.09840502874527424,47.681402186052594,0.00709602966091305,3.0,1.0,403.04,10.338776266989653,410.16,401.96,426.59,217928767598.1229,25.036651,—,—,—,False
MRK,—,NO TRADE,No trade: move not extreme enough,7.1665321626222065,39.37705620534716,28.33201196466497,0.00340727348584946,-0.030111574136308605,-0.05277668373375344,0.1537538978172226,0.9986951721420939,1.053433953882229,0.18831716994038983,0.023463729851485527,0.39161731921591203,-0.006205369126678163,-0.011913241508196615,-0.046571314607075275,-0.11026905813301402,mixed,Pharmaceuticals,-0.018090141094254553,0.014133207767290656,0.17454007354916223,-0.08042255953515143,46.274906048417726,-0.0002781447743549492,0.0,3.0,144.3,3.385816217569362,144.35,142.73,150.36,356037523264.2028,115.338502,—,—,—,False
CVS,—,NO TRADE,No trade: move not extreme enough,7.123967291404411,41.810972284769896,31.51431079708283,0.014788732394366066,-0.029956243688993633,-0.11049382716049394,-0.15903122264371183,1.366329851268003,1.366329851268003,0.24719717510928244,0.025470761772467772,0.8181391997813583,-0.06897730509892064,-0.06963038493493712,-0.0415165220615733,-1.244204599725966,mixed,Health Care Services,-0.04255142437917003,-0.08896068179375471,-0.013970462450818344,-0.21882905674015185,36.9542220030417,0.0005868544600937664,1.0,1.0,86.46,2.2022020628475634,87.15,85.25,90.02,110579768144.80632,22.825312,—,—,—,False
TPR,—,NO TRADE,No trade: move not extreme enough,7.119542687480385,37.97459687037213,29.38048902372134,-0.009392821200939205,0.03723217421847558,-0.03654159869494278,-0.15586364610876868,1.139237355868975,1.2422288267834247,0.2918998277784868,0.029529070542862492,1.8217658699260202,0.06178083148383902,0.018584624901141655,-0.0983224301787818,0.11167419248196116,mixed,"Apparel, Accessories & Luxury Goods",0.020947046799168367,-0.09514186477993691,-0.1479198083757347,-0.2832524271844661,46.68404067893731,0.0,1.0,1.0,118.12,3.4879738125229176,119.61,116.71,119.61,23579937981.407257,16.252511,—,—,—,False
TPL,—,NO TRADE,No trade: move not extreme enough,7.110814921342351,35.946526885011046,32.584392853045735,0.011086013196219602,-0.0025801155188084346,-0.0717871759890859,-0.12943675307725766,0.7301076053908772,0.8818559531764251,0.4650413262080758,0.03902339183819402,0.42260278043978444,-0.009518826104631242,-0.04393202278574326,-0.06226834988445466,-0.46596705684905565,mixed,Oil & Gas Exploration & Production,-0.03428502487456275,-0.06853403428070759,-0.14311384850764164,-0.37830774853801175,43.5285035063974,0.0008024728050883834,1.0,1.0,340.19,13.275367669435223,340.61,334.95,344.41,23472780157.0,43.370007,—,—,—,False
DXCM,—,NO TRADE,No trade: move not extreme enough,7.095363825589632,38.84685230875192,25.970776984855444,-0.010089296068653608,-0.014546294158393036,-0.04848957752758887,0.16899479594631606,0.527331342164467,0.8561312273996529,0.23396823008338627,0.02508270378764044,0.5841594653395555,0.004981600851789364,-0.007626135302032044,-0.05347117837937823,-0.155553441527205,mixed,Health Care Equipment,-0.013931566665896566,-0.011760238400107537,0.168517115367109,-0.07808618641321963,43.704136082878286,0.005044648034326915,1.0,2.0,85.36,2.141059595312988,86.665,84.8,87.7,32215308570.0,33.69385,—,—,—,False
EQT,—,NO TRADE,No trade: move not extreme enough,7.067963790462672,37.68344912618794,31.301648875283693,0.0015971251746855764,-0.012595945679984233,-0.09782413235029663,0.00039880358923238823,0.976450004183282,1.1029684510458315,0.2728660392109242,0.027271245738715512,1.2132346734535968,-0.03881040201099331,-0.06996897914695399,-0.05901373033930332,-1.213191641176845,mixed,Oil & Gas Exploration & Production,-0.02892701952017329,-0.050120036654726086,-0.09607756760725406,-0.26480070339976547,41.303714726379205,-0.004192453583549582,1.0,1.0,50.17,1.3681983987113573,50.64,49.695,50.72,31385265300.0,11.637131,—,—,—,False
CHRD,—,NO TRADE,No trade: move not extreme enough,7.0322576644256385,36.603945518203695,34.956143694227144,0.001169163317500832,0.005430395538269517,-0.0742567567567568,0.15639770425388244,0.6300208209343842,1.2281315972868265,0.36157025165387496,0.03185538777344467,0.8359717649123641,0.10455905913581395,-0.04640160355341416,-0.17881581589257076,-0.5027586184917704,mixed,Energy Services & LNG,-0.04193835987623029,-0.03177318857632294,0.09126794487029977,-0.1276582197886159,43.511235230177796,-0.018998903909389853,2.0,3.0,137.01,4.364506678839653,137.89,134.16,138.86,7493612300.0,9.1847,—,—,—,False
NUE,—,NO TRADE,No trade: move not extreme enough,7.028142413415443,36.499010549544685,32.70117342750609,0.018688024408848092,-0.027745197168857483,-0.08412389987427149,0.08147381680762988,0.8536545445241738,1.2309194423828873,0.3302737734912583,0.03152962064430941,0.4775881979583561,0.028357196968544274,-0.012668179615814679,-0.11248109684281576,-0.1578218717834478,mixed,Materials,-0.03825149729346944,-0.060260745489728706,0.11986449262298171,-0.14180143515047672,42.03992225189749,0.012289177048902422,1.0,1.0,240.39,7.579405506685539,242.885,238.03,247.52,54536452880.0,19.178115,—,—,—,False
INSM,—,NO TRADE,No trade: move not extreme enough,7.026736029819033,38.2979435922881,29.35667579257302,0.023298646284188207,-0.05694644827293549,-0.12282917587622355,-0.060375443937087825,1.8865439480941875,1.8865439480941875,0.3812488020396932,0.04500698858031555,1.8940507917319191,-0.06499872324448447,-0.08196573365066673,-0.05783045263173909,-0.45064724703500525,mixed,Biotechnology,-0.07980489743865771,-0.07257640478133931,-0.16505509099806226,-0.47769682726204465,37.78679856392714,-0.007643429413389802,0.0,0.0,111.12,5.001176571044664,111.5399,105.68,119.32,24268791660.0,-27.07,—,—,—,False
GOOG,—,NO TRADE,No trade: move not extreme enough,7.024459763169916,36.567733095831116,29.555951792237316,0.01618248589257454,-0.002140260349478007,0.003745428807361284,-0.04460476083539178,0.9911105508005069,1.4338060023426638,0.2515165487777481,0.02586849584794184,0.14230320203323235,-0.04395599164549132,0.030734315736272944,0.047701420452852604,0.6022830941391517,mixed,Interactive Media & Services,0.0031906976058713177,-0.004168244217095274,0.008777266218054525,-0.15852844463124582,50.01728557979146,0.009464664258203248,4.0,1.0,340.35,8.804342561847006,342.78,337.96,350.0935,4186010119609.881,17.098461,—,—,—,False
NVDA,—,NO TRADE,No trade: move not extreme enough,7.011910341232708,38.45604867035567,26.579489267106727,0.013384735337433895,0.03945439196694367,0.02407528999781139,0.15371338396291545,1.229450554294278,1.229450554294278,0.2480130741336974,0.025260680638241894,0.5495006443534716,-0.17367869834849928,-0.05034531547618992,0.19775398834631067,-0.45249246344789845,industry-wide,Semiconductors,0.04541839078405263,0.07179736684652882,0.16558536349622788,-0.01652093492517237,62.89743049473856,0.022502815559213296,4.0,2.0,233.95,5.909736235316691,237.88,233.6,237.88,5755756217000.0,29.574242,—,—,—,False
LMND,—,NO TRADE,No trade: move not extreme enough,6.994159544990623,36.572921319467284,31.495146189859213,-0.0057741659538066425,0.034720676608057,-0.15595497458242547,-0.33897341106213563,0.7169528790513622,1.0908675021198972,0.41922237542969404,0.04505783956872404,1.0243820908206147,-0.05032713664885166,-0.06937710572996647,-0.1056278379335738,0.2754902338014777,mixed,Crypto & Fintech,-0.024569354398774612,-0.0864753550740015,-0.247481961985618,-0.5346346346346347,42.44352094975118,0.02651839178785287,3.0,1.0,46.49,2.094738961549981,48.47,45.94,48.47,3598942311.698026,-25.49,—,—,—,False
GRMN,—,NO TRADE,No trade: move not extreme enough,6.989878448435263,35.54130881422104,26.961814026977436,-0.004602421581816785,-0.044128646222886925,0.01435890035356091,0.1498916199746434,1.0145279021974993,1.1056609260173147,0.22698285608877417,0.02546807529277907,0.43230284206105163,0.09052192386139558,0.06948512394964534,-0.07616302350783467,0.40449900923291393,mixed,Consumer Discretionary,-0.003319785959769006,-0.023371556478135158,0.14142349101183815,-0.10538373424971348,46.2920087496737,0.005487502655243226,2.0,2.0,281.16,7.160604049317764,286.47,280.09,295.61,54259191550.00001,28.993936,—,—,—,False
ABNB,—,NO TRADE,No trade: move not extreme enough,6.9404713032263725,40.24338388338472,30.594646065759328,0.012214121019505253,0.03149806312313452,-0.12318488529014837,0.1057934508816123,0.6751267430247689,0.9628232067967429,0.403857218371888,0.032704778725321536,0.5750820641538941,-0.10708772470781601,-0.06805866169406394,-0.016097160582332366,-0.6808931289286236,mixed,"Hotels, Resorts & Cruise Lines",-0.01145983580118437,-0.04270266319965865,0.13199190817087603,-0.160364098961556,46.116855170955645,0.022820464884402147,3.0,1.0,162.43,5.312237208353977,164.91,161.29,164.91,97284708062.16702,36.920105,—,—,—,False
LH,—,NO TRADE,No trade: move not extreme enough,6.89679698162569,39.31120942125146,27.794038558189854,0.01277084701247544,-0.003713990440511461,-0.06941176470588228,0.11115513453157089,0.7100325301614208,0.94897274642531,0.2671047869459679,0.02336266111810777,0.7253070122995698,-0.017624727030656068,-0.02854832248032546,-0.051787037675226216,-0.7483553734385207,mixed,Health Care Services,-0.019617813343163815,-0.03401202059922637,0.10038316690910354,-0.09744144882166217,42.76571850277623,0.0038411030860143747,2.0,1.0,308.49,7.207147328325066,309.36,302.71,312.57,25017728553.96777,25.510221,—,—,—,False
RARE,—,NO TRADE,No trade: move not extreme enough,6.8492948124848745,37.68949908794919,30.604451171137413,0.03186440677966096,0.04965517241379325,0.024915824915825002,-0.5602427044206877,0.5362548786612837,0.8329997120490418,0.6711098349426851,0.07347999034554066,3.936312302906311,0.08588978820271406,0.06577926714138183,-0.06097396328688906,0.14878988080342567,company-specific,Biotechnology,0.04638971485536514,-0.2817400578572069,-0.36807141374299357,-0.618449783027784,38.5308273588521,0.01016949152542379,1.0,2.0,15.22,1.118365453059129,15.28,14.67,15.53,1500030113.5,-2.61,—,—,—,False
VTRS,—,NO TRADE,No trade: move not extreme enough,6.81917098648123,37.88218276849222,22.3853651192499,0.008018327605956443,-0.0128996074032528,0.03896103896103886,0.07711138310893517,0.8313404393310557,1.598492597650665,0.21469117774444538,0.025567855223843475,0.6552530556675322,0.10082197401724619,0.07982448118659569,-0.06186093505620732,0.8938019991827488,company-specific,Pharmaceuticals,0.025910057998892677,0.038703509165378014,0.14898818859727148,-0.04503526858383067,57.35123160324404,0.004009163802978222,1.0,2.0,17.6,0.4499942519396452,17.65,17.34,18.43,20226683143.809284,-49.27,—,—,—,False
EL,—,NO TRADE,No trade: move not extreme enough,6.792113093580922,38.4674471069325,31.142235633986115,0.019736112651070004,-0.026463427543135354,-0.08814197898076548,0.12172216123917567,0.901746902865359,1.1732560877557936,0.34863033211198996,0.035214606289953224,0.744998675844537,0.030826850791050686,-0.0326646156216287,-0.11896882977181616,-0.312400671519174,mixed,Consumer Staples,-0.04468588997839462,-0.019043169780087243,-0.0015584026454305011,-0.24388539482879112,43.223652477152754,0.006098237055105926,0.0,1.0,91.97,3.2386873404869982,92.72,90.25,96.66,33326450375.035336,184.34556,—,—,—,False
REGN,—,NO TRADE,No trade: move not extreme enough,6.750197165280923,41.38317858910621,31.42801461708907,0.0005307494454349637,-0.06705243388660465,-0.12836259736564426,0.10068118871172982,0.8192630890318715,1.6504950737365929,0.26859964015985344,0.029441258567953234,0.5963266760847485,-0.0706498771060205,-0.08749915514008744,-0.057712720259623755,-1.4731726736808344,mixed,Biotechnology,-0.06081815615303343,-0.06327744340995545,-0.001146399168092782,-0.14445970163148458,34.880686190961015,0.00774349831929344,1.0,0.0,735.2,21.64521329915922,742.5,729.1983,780.945,75747189566.58,18.169641,—,—,—,False
LEN,—,NO TRADE,No trade: move not extreme enough,6.715006392230317,37.791386310533944,27.602378818705102,-0.02801120448179273,-0.028484479610468738,-0.05494375370041449,-0.053823355068168266,1.6743395867023498,1.75776781242381,0.3954663450467028,0.03773833135633045,3.7431263649613458,0.009661592858401222,0.00018246989566994554,-0.06460534655881571,-0.07979796188211384,mixed,Homebuilding,-0.00954957526418021,-0.04668963243620328,-0.1533609110731926,-0.4033343301435406,44.35512256395089,0.022530751431007134,3.0,1.0,79.81,3.011896225548733,84.2371,77.63,84.25,19224151665.3,15.094375,—,—,—,False
GOOGL,—,NO TRADE,No trade: move not extreme enough,6.64895200558222,37.209430237256036,29.007005471879943,0.015551087984862821,-0.0012212142358688505,0.0029782761037140393,-0.04288222017888488,0.8733513985378931,1.4383616814416156,0.26082912166010425,0.02621289945115557,0.19437569910057237,-0.044978861917020975,0.0299671630326257,0.047957138020735014,0.6082090535443843,mixed,Interactive Media & Services,0.0025669800843790558,-0.002515924898596422,0.013519045822715459,-0.1593450967915616,49.96836433921549,0.00909117786187319,3.0,1.0,343.5,9.004130961471938,345.77,341.16,353.22,4202105700000.0,17.256711,—,—,—,False
DVN,—,NO TRADE,No trade: move not extreme enough,6.498937632528462,36.760854185270304,27.1368562774796,0.010390161153519983,0.012752391073326264,-0.023365443738471048,0.1339838172298904,0.6023198271607928,0.7946858456449646,0.349841711627365,0.030295264652057965,0.7201550909090909,0.04495562267731047,0.004489709464871594,-0.06832106641578152,0.29950551009879434,mixed,Oil & Gas Exploration & Production,-0.012650096870111094,0.015428547074116672,0.0684503321949983,-0.095996964522861,50.148764109107034,-0.012934690415606465,1.0,3.0,47.65,1.443569360670562,47.71,45.75,48.0,52442500000.0,11.283715,—,—,—,False
JBL,—,NO TRADE,No trade: move not extreme enough,6.494831855553896,45.28794622817148,31.08923785774239,0.015410787551285887,-0.03892782724000754,-0.004935930962343016,-0.08450873657935087,0.9349336723885627,4.125308935629676,0.5398302753595473,0.04618982862626553,1.3155370829360322,-0.04955444248316913,-0.07935653643634433,0.04461851152082611,-0.9728888606727536,mixed,Information Technology,-0.005249716927028358,-0.039281492006163043,0.009129604582703621,-0.2903074192145052,47.39545056045692,0.013042463057473475,3.0,2.0,304.41,14.060645732121491,308.84,301.36,328.0,31906201258.973534,31.221538,—,—,—,False
FOX,—,NO TRADE,No trade: move not extreme enough,6.493689126206113,39.129307873816124,34.76114383942727,0.017662053896576824,-0.011496285815351892,-0.07574003638167681,0.15379851362510322,0.8224768967175058,1.403156049997097,0.28083176228335044,0.026950136862405202,0.23149123878303204,0.01555147200212191,-0.04875114945276515,-0.09129150838379872,-0.4817310017098953,mixed,Communication Services,-0.030091628488129962,-0.02676780341023055,-0.01462807454905446,-0.18019801980198014,42.68057936595102,0.00018208302986155722,1.0,2.0,55.89,1.5062431492398267,56.086,54.4,57.03,24875475548.33028,14.561134,—,—,—,False
PYPL,—,NO TRADE,No trade: move not extreme enough,6.412020121119018,35.910226795313235,26.772067444770105,-0.004900113079532753,-0.04069767441860472,-0.0707497360084478,0.16504854368932032,0.7310085736143606,0.93677190872622,0.29562912238080097,0.0297694907051338,1.0537491481201364,0.035417139037318066,0.01582813284401119,-0.10616687504576587,0.1155587576735416,mixed,Financials,-0.008878794135866341,-0.06560745248843947,0.0506453857913145,-0.33345957205074805,43.77032011340368,0.0030154542027891473,3.0,1.0,52.8,1.5718291092310646,53.4,52.615,54.5999,45151231580.0,9.977701,—,—,—,False
ASTS,—,NO TRADE,No trade: move not extreme enough,6.355901942584014,35.53510377522259,34.94838136001302,0.024719495091164223,-0.05436013590033972,-0.059230645420891626,-0.20885219274499178,1.517156532863527,1.6716876953595048,0.6027232066647439,0.07021177379549425,3.872059707099831,-0.032793792216058396,-0.03282138785902167,-0.026436853204833233,-0.038890506099537724,mixed,Space & Drones,-0.03632931323006927,-0.0676968523404079,-0.279213065912543,-0.5633494422153311,44.703377021430995,-0.004908835904628317,3.0,0.0,58.45,4.103878178346639,59.54,55.42,65.47,22746840434.43372,-27.31,—,—,—,False
EQIX,—,NO TRADE,No trade: move not extreme enough,6.278801140970451,37.0249708491578,27.39935452565558,0.013226912172908056,0.01749861122133156,-0.014517260263443466,-0.008841690260612323,0.6469423993950264,1.2228445049680121,0.2529374520602586,0.02562563794633713,0.3357082121824191,0.03468663770769442,0.06322285273090678,-0.04920389797113789,0.4051072980854877,mixed,Real Estate,-0.0004633620007103989,-0.01734730907670945,0.03868891397657448,-0.09122160399759016,48.23849235378481,0.011537739669870373,1.0,1.0,1025.72,26.284729354316923,1036.52,1017.57,1036.52,101287486767.0,66.01152,—,—,—,False
AKAM,—,NO TRADE,No trade: move not extreme enough,6.23980021822068,38.45169073570079,29.266303236405065,0.01861030580753753,-0.04405827628576442,0.02272300469483568,-0.15904879555281048,0.8688524978327137,1.6513498740470138,0.6002399901976387,0.05840884978706604,3.5107217656922978,-0.01882229175297058,-0.05169760077916563,0.04154529644780626,-0.3352321303536825,industry-wide,Information Technology,-0.0010684495558827,-0.0263542275642229,-0.024704297452653345,-0.34167422181928064,48.20806256521353,0.017020480688300754,4.0,1.0,108.92,6.361891918807234,113.13,108.5,115.1,15653655640.0,39.291512,—,—,—,False
MP,—,NO TRADE,No trade: move not extreme enough,6.2340304853702255,37.0844931290973,34.15375951322462,0.019093078758949833,-0.03809133729264791,-0.1266269988843437,-0.09166505511506484,0.8237294201626476,1.4036729843139324,0.4816201733241846,0.054703924000130306,2.469043581767751,0.03111042498856889,-0.05517127862588689,-0.1577374238729126,-0.2295206731448259,mixed,Metals & Mining,-0.052833232506553696,-0.07932649901013378,-0.17185615650984187,-0.5314736584854939,41.62199807989916,0.019743979171186643,1.0,1.0,46.97,2.5694433102861205,47.385,46.145,48.665,8365450940.0,-134.24,—,—,—,False
IREN,—,NO TRADE,No trade: move not extreme enough,6.233918014312521,37.780010588249326,33.822760701857526,0.0273062730627307,-0.05359773371104826,0.002641056422568955,0.0009587727708533222,1.1617943008031628,1.1617943008031628,0.58825844898974,0.06543476598611034,10.593351924859235,0.026035797194992383,-0.07177954905143236,-0.023394740772423428,-0.6288389648866849,mixed,AI Cloud / Crypto Miners,-0.05249723474857482,0.008817490035028186,-0.08368806775793214,-0.45674515415636796,46.87816096769646,0.030012300123001268,2.0,1.0,41.76,2.7325558275799677,43.91,40.95,43.99,16465742037.340818,-21.08,—,—,—,False
VRT,—,NO TRADE,No trade: move not extreme enough,6.2274261029694635,36.94089741820073,34.03533751672211,0.024622135543637347,-0.004343019583070151,-0.061935051891529924,-0.22147443813287238,0.6243067380398285,0.7982229599522819,0.6401994246347624,0.04721785114804075,0.8704831768978982,-0.10637181578269428,-0.035525794329659965,0.044436763891164355,-0.031493869875525264,mixed,Industrials,0.0036216022605166653,-0.03293052193680801,-0.046978574779851345,-0.33625488570413353,49.02483501919778,0.018365025190963724,1.0,1.0,252.18,11.907397702512917,254.8,248.54,254.8,97128658079.646,57.062045,—,—,—,False
HCC,—,NO TRADE,No trade: move not extreme enough,6.20777167261767,37.61617339352063,32.64529229726638,0.0030309833857207202,-0.0017875097754441738,-0.13479229204996612,0.13001138231946374,0.5689341627477826,1.59150003451529,0.37661845666647403,0.042051098348220885,0.7240261277487069,0.037297353254470283,-0.10693713884662348,-0.1720896453044364,-1.1501906821534245,mixed,Energy Services & LNG,-0.04380210395642281,-0.05509529419478465,-0.011288025574830773,-0.1980793394363669,41.63455987911485,0.0101032779524024,2.0,1.0,89.35,3.757265637413536,90.81,89.04,92.585,4718923677.0,21.488696,—,—,—,False
JANX,—,NO TRADE,No trade: move not extreme enough,6.138350795485157,41.86111293075234,32.95287392600485,-0.00176886792452835,0.03865030674846626,-0.14494949494949494,0.010746268656716351,0.8349523119761563,0.8385211673388638,0.5266384321968397,0.04230466479033244,1.3171543162219808,-0.0875896874044212,-0.10408605272393812,-0.057359807545073735,-1.1283991648438134,mixed,Biotechnology,-0.02284172402349105,-0.008869244504288387,0.129061838310075,-0.5209394453876628,47.61151195799468,0.017099056603773644,1.0,2.0,16.93,0.7162179749003281,17.29,16.835,17.5634,1036880128.0,-10.3,—,—,—,False
GEV,—,NO TRADE,No trade: move not extreme enough,6.135433720950017,36.86154073582112,28.309568980258774,0.0012658868803483436,0.03244468113989751,0.049753673660069664,-0.0805014601119729,1.0163212528410914,1.4012405316678223,0.46026326129397876,0.03736022760497947,0.8095245962206796,0.014624303564871939,0.07616293122193962,0.035129370095197725,0.7463150659479204,industry-wide,Industrials,0.04661496224320927,0.02451541985340322,0.07760012446842746,-0.1732862852651471,57.77435676084521,0.01676034229581247,1.0,1.0,988.7,36.93805703304321,1006.0,960.5297,1006.0,263363980360.0,28.301293,—,—,—,False
GPC,—,NO TRADE,No trade: move not extreme enough,6.075256341353218,36.06274405480334,29.65967537319062,0.016943734015345102,-0.018285626109096675,-0.07542508356343558,0.02389957350929417,0.8208440492436363,1.048434555316475,0.1979656468965379,0.02355837004018056,0.564263745829102,-0.003003059385475765,-0.020298859967351146,-0.07242202417795982,-0.4008717225657643,mixed,Consumer Discretionary,-0.023398074273631275,-0.03603869784919367,0.06105086898348322,-0.1605198917991687,42.44510653928571,0.00959079283887454,1.0,1.0,127.24,2.9975670039125744,127.875,125.4794,129.82,17544063600.0,509.775641,—,—,—,False
AMR,—,NO TRADE,No trade: move not extreme enough,6.032758924045669,37.09623887655957,36.78280336713844,0.007340419284749489,-0.01656825087427627,-0.2101482641127176,0.1438287657531505,0.6233207401951261,1.0530197251292521,0.5745215849464301,0.05619018310248664,1.582808536478388,-0.04643150459303136,-0.18229311090937494,-0.16371675951968623,-1.402260303812163,mixed,Energy Services & LNG,-0.09253219701478321,-0.05810597707915133,-0.09511404311369598,-0.32416646606511157,40.57678834338123,0.01591402900933714,2.0,0.0,171.54,9.638864009400558,174.08,170.76,176.0,2175977631.295159,-47.79,—,—,—,False
NTLA,—,NO TRADE,No trade: move not extreme enough,6.031554145257755,39.268224290152105,31.758783975942716,0.011551155115511635,0.04340425531914893,-0.03312302839116721,-0.20595854922279788,1.0160183662102753,1.7639440616238553,0.4663507800400288,0.05428238582889623,3.2140044388304894,0.02661606567642414,0.0077404138343896145,-0.05973909406759135,0.04578130251425998,mixed,Biotechnology,0.015236833388539317,0.020246823171086836,-0.04620202079139568,-0.5660176991150443,51.21574249871744,0.024752475247524774,3.0,1.0,12.26,0.6655020502622678,12.765,12.095,12.765,1719358290.0,-3.65,—,—,—,False
FOXA,—,NO TRADE,No trade: move not extreme enough,6.027812604996472,39.090900882536936,34.66314175110796,0.01631853785900783,-0.012525765022990298,-0.08019494904740798,0.15891328619278,0.957388999437961,0.9845241826305726,0.2695459049738807,0.026761476335142403,1.1136745447905254,0.010753873746719128,-0.05320606211849632,-0.09094882279412711,-0.48430996518971475,mixed,Communication Services,-0.033654517525485206,-0.03171641791044766,-0.013773598649560181,-0.18471004058122786,41.38072647863947,0.00032637075718011666,1.0,2.0,62.28,1.666704746152669,62.48,60.53,63.74,26274506940.0,16.225933,—,—,—,False
MS,—,NO TRADE,No trade: move not extreme enough,6.021112630819266,39.38187309081002,32.58299509253624,0.012233391840859698,-0.030563904029341393,-0.1236011973290353,-0.1432494485211362,1.1599002065864854,1.852309504997712,0.21584203882385833,0.024929651154863588,0.4026512030664026,-0.02213938222259304,-0.0370233284765763,-0.10146181510644225,-0.2634824038213807,mixed,Investment Banking & Brokerage,-0.05969835838778603,-0.09133967595523684,-0.01840180691229565,-0.18058127018299241,29.92614570164092,0.004946545396521396,1.0,1.0,190.31,4.744361911282089,191.53,188.505,195.93,298910882400.0,15.376846,—,—,—,False
AES,—,NO TRADE,No trade: move not extreme enough,5.964689278102134,37.55859371333774,23.46697774327327,-0.0006702412868632157,0.0026899798251514007,0.00879566982408675,0.012219959266802416,0.8869105439102908,1.789663586037299,0.02202726925492205,0.0032037917463209266,1.017392797422064,0.10023657094549739,0.08316239071648746,-0.09144090112141064,0.8136015478305987,mixed,Utilities,0.004852405984634212,0.008454514710855676,0.015283731286877211,-0.15524079320113304,67.05052536482309,0.0,2.0,2.0,14.91,0.04776853493764502,14.94,14.89,14.94,10637375490.0,5.572165,—,—,—,False
COIN,—,NO TRADE,No trade: move not extreme enough,5.9595876106686,34.375218258779384,32.88525438717825,-0.033229436314649474,-0.062067551637537854,-0.05033731188375712,0.155011360767483,1.3276114900173444,1.3276114900173444,0.7656279780980648,0.06313937765418592,4.877056667563686,0.05874562375125028,0.036240556968701876,-0.1090829356350074,0.47733765298614445,mixed,Financials,-0.015390575189456412,0.05880474251951551,-0.012992364444209481,-0.5449572309528545,49.45488157053904,0.02826351101484481,2.0,1.0,183.0,11.554506110716025,200.3514,180.81,200.3514,48282171000.0,-47.64,—,—,—,False
WSM,—,NO TRADE,No trade: move not extreme enough,5.906816441687959,33.8733969887453,25.027787779374115,-0.004670294357084548,0.0017248814144028568,0.04282636020829611,0.05701415115802888,0.813064191121384,1.2857129204178008,0.2599333695868246,0.029394672778781217,0.802304799276561,0.12017552787674475,0.09795258380438054,-0.07734916766844864,1.1101888426421755,company-specific,Consumer Discretionary,0.021588365414638266,-0.005812764114419999,0.1122759497737742,-0.08862646631880411,53.62031483509442,0.017352928574489113,3.0,2.0,232.3,6.828382486510877,237.84,231.21,237.84,27341376228.31101,23.764949,—,—,—,False
ANET,—,NO TRADE,No trade: move not extreme enough,5.84523958851623,40.720201412833035,26.95915906812546,0.013986013986013957,0.0038731541999514896,0.08310697868783956,0.12269207861822506,0.8670979433536535,1.0267918621569,0.3631836678287196,0.03308463399652934,0.32891911911989397,-0.047286512280269755,0.00868637321383825,0.13039349096810932,-0.03920500770642883,industry-wide,Communications Equipment,0.03755410443093399,0.07203717567450196,0.30476135641065105,-0.03508771929824561,60.17701135215836,0.018436109345200125,2.0,2.0,207.35,6.860098859180359,208.6324,204.6601,208.6324,261521236739.4952,65.372974,—,—,—,False
ABBV,—,NO TRADE,No trade: move not extreme enough,5.838051299325006,35.66314928683655,23.427531417263335,0.011118378024852715,-0.005750170235302998,0.010030360093770563,0.05165859709495413,1.4199688511417876,1.4199688511417876,0.17543932771335044,0.019612267250188404,0.33178663588211327,0.07068761136316909,0.050893802319327386,-0.060657251269398534,1.0171931388893185,mixed,Biotechnology,0.006643417577766542,0.01930402501370998,0.1352074781501067,-0.024388433126693587,53.73592009703027,-0.0007309660293155495,1.0,2.0,262.82,5.154496078694516,264.06,257.87,268.93,464575848000.0,74.310111,—,—,—,False
CMG,—,NO TRADE,No trade: move not extreme enough,5.711711040880013,39.52276477231334,31.000527630241752,0.0012376237623761277,0.03287583785509107,-0.13867447431461277,-0.06473988439306366,1.0773094595778696,2.479785873461079,0.3025326994321702,0.034684945696869494,1.0979657771143554,-0.030055371289023886,-0.08354825071852834,-0.10861910302558889,-0.8053736949058887,mixed,Restaurants,-0.04393299258427641,-0.06702109870086448,-0.07205881931241742,-0.2441901202849468,38.854401628201785,0.004950495049504955,1.0,2.0,32.36,1.1224048427506967,32.55,31.83,33.6,44537740500.0,29.849645,—,—,—,False
GDDY,—,NO TRADE,No trade: move not extreme enough,5.691787104405713,39.64582419797944,31.314591808338037,0.002371623015054558,0.0007206094296889898,-0.06195117244041304,0.1062933879594854,0.6358091986631602,0.8421488697314121,0.6265250086562758,0.04783903104538771,1.3584036068473249,-0.11290471079213582,-0.13637177791441435,0.05095353835172278,-0.24560169535935905,mixed,Information Technology,-0.007347122164414133,0.005654673847598879,0.04058172382676317,-0.3028542742398165,49.859405893469656,-0.0010311404413282377,3.0,2.0,97.21,4.650432207922139,97.4025,95.62,98.12,12310185600.0,14.413439,—,—,—,False
COO,—,NO TRADE,No trade: move not extreme enough,5.683989681941775,39.13404050966411,36.20256492634347,-0.008709284096847236,0.02762730227518939,-0.19436579841449608,-0.19867642917488026,0.586186831335509,1.0509917909519582,0.6510948416572866,0.032682586166879794,1.7407119885693636,-0.18716818982059769,-0.15350235618893926,-0.007197608593898397,-2.673382978740794,mixed,Health Care,-0.001837243871103733,-0.15016448670144067,-0.20269634618193333,-0.3664699988867862,37.6781678916064,0.001916042501306503,3.0,2.0,56.91,1.859965978757129,57.685,56.72,57.685,10823639335.927534,19.420557,—,—,—,False
LYV,—,NO TRADE,No trade: move not extreme enough,5.644149684996974,37.13894196458992,25.246750399054328,0.011507341923883807,-0.012290045063498511,-0.04912952842413654,-0.07563807645963416,1.0130077874716825,1.3340993258953966,0.16371294458605304,0.02346405542855451,0.8787696172878277,0.06281051586980263,-0.022140641495224878,-0.11194004429393917,-0.39158319098013644,mixed,Movies & Entertainment,-0.007343318521219833,-0.04778078815788411,0.030368614570280394,-0.10819308304050301,41.59009183504233,0.006293077614623943,1.0,1.0,168.77,3.9600286346771445,169.46,166.59,174.0,39777375540.0,-150.66,—,—,—,False
TDY,—,NO TRADE,No trade: move not extreme enough,5.561878164922813,38.762564211016084,23.639117102948294,0.007295576954463812,0.004917365464462975,0.015299323868590342,-0.022722954142386675,0.6535859884317217,1.0877196119695105,0.13889276588277452,0.017801685590594724,0.39241560369059253,-0.012207426933464771,-0.05912128160541097,0.027506750802055113,-0.3317380314272442,mixed,Electronic Equipment & Instruments,0.017127365467572542,-0.026263757138502708,-0.01014164948858709,-0.11538406409907265,51.36252062478523,0.011196344050921958,1.0,1.0,617.17,10.986666295947344,621.46,612.61,621.46,28599149115.000004,29.817569,—,—,—,False
SNDK,—,NO TRADE,No trade: move not extreme enough,5.561461152585544,44.04903679790547,32.67949160253089,-0.03787010052078388,-0.03251771852851837,0.10611000713830965,-0.07441329839043842,0.867523060168659,0.9776790860156502,0.7626954300656063,0.05832017383141988,5.594574474624195,-0.026238087435338592,0.031689401664308336,0.13234809457364824,-0.3899677223508188,industry-wide,"Technology Hardware, Storage & Peripherals",0.0038152496472401154,0.11710853220632877,0.5010526520187364,-0.2694540526188972,52.71933432175953,-0.008150182637929437,1.0,1.0,1719.99,100.31011578830388,1774.23,1713.47,1802.0,251745507650.0,23.318325,—,—,—,False
AGI,—,NO TRADE,No trade: move not extreme enough,5.551817176384112,36.60228342710293,30.742645045384222,0.017873941674506177,-0.05913043478260871,-0.138763597771292,0.08634538152610438,0.8389126119655886,1.4120735686491632,0.37799132540094754,0.03882168470976278,0.7466612836953301,0.017962442861041567,-0.06730787751283518,-0.15672604063233356,-0.16923175555053369,mixed,Metals & Mining,-0.06695985857801912,-0.04535027351332277,-0.16804642126684544,-0.41418516513264747,40.5882110874192,0.017873941674506177,0.0,0.0,32.46,1.2601518856788998,32.62,31.79,33.5255,13592071880.0,11.627324,—,—,—,False
BIIB,—,NO TRADE,No trade: move not extreme enough,5.469359370134465,37.50813262118187,27.266007134907472,-0.013194506776770476,-0.03391915641476273,-0.02062268941249834,0.10542456387310839,0.7384701536000736,1.7003078292776617,0.24502381221536446,0.024866984650045384,0.528193474217659,0.039382369314213635,0.020240752813058482,-0.060005058726711975,0.23391279683543717,mixed,Biotechnology,-0.0030355997179771776,0.02129636080726449,0.12648448900072773,-0.04603236582932024,49.412554708023116,0.0007180683960146261,2.0,2.0,219.88,5.467752584851979,224.08,219.81,230.49,32507358127.49644,38.940247,—,—,—,False
CI,—,NO TRADE,No trade: move not extreme enough,5.456731692777527,42.12930766910634,29.707478390241874,0.00959098372891476,-0.0054409764346899925,-0.05495004541326076,-0.07289239204934905,1.1579520625335795,2.0003995329516946,0.24977896942226918,0.027122357245314345,0.7243648318730623,0.0004524220851208349,-0.014086603187703939,-0.0554024674983816,-0.3895705355562436,mixed,Health Care Services,-0.019866781878422612,-0.030240939583361826,-0.03366008431764966,-0.14245411608076852,44.094237821340236,0.0077250335871026365,1.0,2.0,270.53,7.337411305574889,271.4,266.0,278.88,71481009388.06155,11.188033,—,—,—,False
CDW,—,NO TRADE,No trade: move not extreme enough,5.439257013977135,38.8185814515751,35.644030580068524,-0.018699845394979153,-0.015801521081001413,-0.1340306652806652,-0.04935453961914282,0.8640560771207221,1.082243413710681,0.4860879170557529,0.04452765410757043,1.0639500634132237,-0.19299303617019378,-0.20845127075466652,0.058962370889528576,-1.1288399614836437,mixed,Information Technology,-0.06745212725021155,-0.06407593560808722,0.012628993104983222,-0.17960238813319385,41.448584657495964,0.0,1.0,1.0,133.29,5.935091015998062,136.82,132.12,138.48,16654821702.019894,16.021203,—,—,—,False
STX,—,NO TRADE,No trade: move not extreme enough,5.411811641217764,45.84038941004401,28.165642077301744,-0.10213945027866789,-0.07399408832608012,0.06308460950902184,-0.046175105888168644,3.602740803062918,3.602740803062918,0.6704032165413858,0.06569817464753279,5.970829335485691,-0.07404408480121394,-0.011335995964979473,0.13712869431023578,-0.32492955093273435,industry-wide,"Technology Hardware, Storage & Peripherals",-0.026955317067020812,-0.006708946966875851,0.3047158194814501,-0.25852401746724885,46.40668224232824,-0.13009084467569831,1.0,2.0,848.99,55.777093294008864,852.29,791.75,946.36,193054397987.95303,61.061285,—,—,—,False
DOW,—,NO TRADE,No trade: move not extreme enough,5.3522019651986055,38.676968272696236,32.86913270838566,0.013773106197897844,-0.0017844396859386658,-0.07872200263504614,-0.018596491228070167,0.7997906427710344,1.3229982833105545,0.24627860026537224,0.03191134129417575,1.0175392231646827,0.03443433136267279,-0.007266282376589328,-0.11315633399771893,-0.816449503085719,mixed,Materials,-0.026165067980432943,-0.06203260920596387,-0.12602353205856298,-0.3455779129620965,39.86309084670649,-0.01105472997462853,1.0,1.0,27.97,0.8925602159980957,28.15,27.26,28.405,20211101180.0,-15.34,—,—,—,False
KVYO,—,NO TRADE,No trade: move not extreme enough,5.3341313489174755,38.650457426717715,33.084400550447576,-0.02964793082149475,-0.0056962025316456,-0.20495951417004055,-0.08449883449883444,0.4941467124341455,1.3206936437255994,0.6184326356727803,0.05893448441515788,1.1395852692738213,-0.1853427369290317,-0.27938011964404186,-0.019616777241008857,-1.0243535692968688,mixed,Application Software,-0.03566386348290462,-0.10644203533279495,-0.1818006635174758,-0.5290061460050965,43.30596129810611,0.00864731315626921,1.0,1.0,15.71,0.9258607501621304,16.43,15.675,16.43,4473068132.276093,741.037736,—,—,—,False
LYB,—,NO TRADE,No trade: move not extreme enough,5.179149208562481,39.49607648273127,33.44769098172599,0.013845621322256862,0.007567939456484263,-0.09542927733168627,0.05759162303664911,0.958486796207083,1.0167100648971017,0.2939894156682287,0.03309935892426259,1.078130746227998,0.01563864732895265,-0.023973557073229457,-0.11106792466063892,-1.2617804050674855,mixed,Materials,-0.045866180207179696,-0.05998266953368214,-0.05569360497590481,-0.3021205623064094,39.571171332683754,-0.010730356524749074,1.0,2.0,58.58,1.9389604457833025,58.87,57.11,59.68,18925181230.0,-52.24,—,—,—,False
EOSE,—,NO TRADE,No trade: move not extreme enough,5.0460957128066255,37.033527874796626,35.56982415659509,0.022292993630573132,0.014218009478673022,-0.08285714285714285,-0.29912663755458513,0.8701474484019093,0.9082687263158189,0.887562608182551,0.08774436177131058,6.566242228861404,-0.0058896337262874104,-0.008490421964742145,-0.07696750913085544,-0.40082472911351114,mixed,Nuclear & Power,-0.12949152542372877,-0.12795436022819884,-0.5649301143583227,-0.8383685800604229,40.52042190174745,0.03503184713375784,3.0,0.0,3.21,0.28165940128590694,3.25,3.11,3.255,1168979280.0,-0.47,—,—,—,False
ISRG,—,NO TRADE,No trade: move not extreme enough,4.949620440948283,36.03593974372041,23.129872132187362,-0.023153225002492284,-0.03265215459795656,0.05981126463510256,-0.047624832948608975,0.7600186960362219,1.0653465462239584,0.29832118500401156,0.028726277988358882,0.5191219906520697,0.12050249915866021,0.10067470686065938,-0.06069123452355766,0.808201598147221,company-specific,Health Care Equipment,0.011810261374636921,0.03134287710324091,-0.12357693754035026,-0.35094720805458035,51.21150251656603,0.009744791147442866,1.0,2.0,391.95,11.259264657537264,406.47,391.39,416.51,138463795466.86505,44.922121,—,—,—,False
VZ,—,NO TRADE,No trade: move not extreme enough,4.943338267781649,38.377243586088134,34.09575636716862,-0.001304915180513122,-0.02463891248937966,-0.09231073334651119,0.08712121212121215,0.9261961565708884,1.0581314891861744,0.21759246258248632,0.019764445929189706,0.47578957249240633,-0.002293893960007398,-0.06532184641759953,-0.09001683938650379,-1.1748887125270848,mixed,Communication Services,-0.04855636246853212,-0.049625603814743124,-0.010651866662070186,-0.11145510835913308,34.48489481065252,0.0015224010439320868,2.0,1.0,45.92,0.9075833570683913,46.385,45.79,47.1,190829045400.0,11.958333,—,—,—,False
BBY,—,NO TRADE,No trade: move not extreme enough,4.941597765708059,38.99646773510885,29.835884614394093,0.0030786773090079045,-0.028063197436747345,0.005486341296148112,0.09976247030878871,0.6387569641029774,0.9433869413498688,0.3219671724930894,0.03337296599129532,1.0430161924015868,0.08127967484325725,0.060612564892232546,-0.07579333354710914,0.31058051532526176,mixed,Consumer Discretionary,-0.03189774234195586,0.004088490363170383,0.20586386774290144,-0.0886770952035637,46.59333818698479,0.0031927023945268473,1.0,2.0,87.97,2.935819818254249,89.035,87.41,90.55,18451869440.0,14.640194,—,—,—,False
TRMB,—,NO TRADE,No trade: move not extreme enough,4.929905049310323,38.74885790011444,28.539367775040215,-0.00017382235355467568,-0.005704407951598989,-0.04292845257903488,0.09125403149307543,0.8322234920275161,1.5607903464906188,0.21965786499745285,0.026536422685310073,0.8566330731623639,-0.019157032733128444,-0.11734905805303619,-0.023771419845906437,-0.46695306432969386,mixed,Application Software,-0.00726601197770127,-0.012427073782960485,-0.08218050742556982,-0.3186448708836769,47.20820284400396,0.01181992004171728,2.0,1.0,57.52,1.5263750328590355,58.26,57.18,58.65,13417177200.0,-117.36,—,—,—,False
TMDX,—,NO TRADE,No trade: move not extreme enough,4.8555174432115225,37.93983134248594,27.306924925233595,0.014687182095625584,-0.06442724821198265,-0.0826051965969189,0.10534700096966354,1.7127758167964917,1.7127758167964917,0.40957875395816895,0.05105641705983029,3.528821751553657,-0.02391891461881162,-0.04174175437136207,-0.058686281978107276,-0.3771888454061801,mixed,Biotechnology,-0.06491786757446427,-0.06400034720959624,-0.201924702178242,-0.4884935897435897,39.93691975203506,0.014877924720244184,0.0,0.0,79.795,4.0740467992891585,80.85,77.14,86.38,2768775519.278715,20.757785,—,—,—,False
AMZN,—,NO TRADE,No trade: move not extreme enough,4.853566697536386,36.597517165139784,31.174754570408087,0.013253837167143567,0.007409780910802244,-0.028505214368481968,0.0181347150259068,0.9592228992973958,1.2370141505792422,0.21371834036963178,0.02240255507252807,0.3099612601654574,0.045871804359267576,0.026621009227602466,-0.07437701872774954,0.49773427816184224,mixed,Consumer Discretionary,-0.00048481573028347213,-0.01958262097934138,0.04208227527925801,-0.12423398328690805,48.56366233941892,0.01319340933811386,2.0,1.0,251.52,5.634690651842261,253.5577,250.02,253.5577,2713081333219.192,20.230684,—,—,—,False
NVAX,—,NO TRADE,No trade: move not extreme enough,4.787920241966094,39.959201440243426,27.333687863854728,-0.013207547169811207,-0.0159924741298213,0.011605415860735047,0.1127659574468085,0.7623078655397945,0.8039906576084975,0.4504236350344169,0.054118240385093816,2.4404605143501508,0.07229617895496263,0.05246885808629187,-0.06069076309422757,0.21972465134322638,mixed,Biotechnology,0.026647691024193954,0.1500571730143374,0.17700673459398364,-0.12614870509607345,58.55203376019703,0.018867924528301883,2.0,2.0,10.46,0.5660767944280813,10.86,10.33,11.1099,1726984620.0,-6.87,—,—,—,False
HWM,—,NO TRADE,No trade: move not extreme enough,4.76457606086767,37.60496083749862,30.744370082796312,0.012654348016463812,-0.005204748795595182,-0.11217321202349417,-0.15523979983197567,0.6437656944109528,0.7450454223081191,0.44812626375907455,0.03044917895606405,0.5673716172941231,0.011386745466680101,-0.08576395446162421,-0.12355995749017427,-1.0743463977400536,mixed,Aerospace & Defense,0.004569581874571016,-0.10424348526632177,-0.06926092024728747,-0.2539677419354839,42.458735130393954,0.009151414309484185,1.0,1.0,231.27,7.041981617168934,232.855,226.39,232.855,92266693821.70068,49.880298,—,—,—,False
EXE,—,NO TRADE,No trade: move not extreme enough,4.748993305722621,40.63110040931399,34.576805276027436,-0.005118659841786832,-0.015200368493781702,-0.1365976779404341,-0.03877711588175792,0.8348597103832466,1.4429357315270372,0.2725897294408367,0.026202780453480002,1.2514384200704955,-0.08243064079989795,-0.10874252473709145,-0.05416703714053614,-1.9764127437855616,mixed,Oil & Gas Exploration & Production,-0.049170303249298164,-0.0806762490472982,-0.1309603259305251,-0.3245959382564435,34.514632134216825,-0.006281991624011107,2.0,1.0,85.52,2.2408617843816097,86.4,85.135,86.99,19791276960.0,7.381768,—,—,—,False
DHR,—,NO TRADE,No trade: move not extreme enough,4.699891911090183,39.86698713014501,25.454146555064355,0.010861352474499597,-0.04646086685375739,0.014358148130597659,0.09225431166445563,0.9058881574704913,1.2800619996617686,0.28657883635074416,0.027861332889577605,0.5570342317225302,-0.044698220488901125,0.05522159035615448,0.059056368619498784,0.5041940658220055,mixed,Life Sciences Tools & Services,0.0023295288264559844,0.02522594148271251,0.061790808460993496,-0.11836902800658977,49.9982817164412,0.007744616547034511,1.0,2.0,214.06,5.963996918342982,216.0594,211.9801,228.38,150474166203.04233,38.007138,—,—,—,False
ELV,—,NO TRADE,No trade: move not extreme enough,4.674586335198728,40.13709300062269,31.280090572875384,0.012471506799067278,-0.024388396576535576,-0.06834948647475758,-0.08078213087846997,0.7031944712218733,1.0964161138136774,0.24383823841853772,0.025543779735747545,0.41162210490194845,-0.004665993996781317,-0.02748604424920076,-0.06368349247797626,-0.4531298103362557,mixed,Managed Health Care,-0.04230839290560251,-0.02716084938577945,0.0563970826130511,-0.1141802677425271,39.06427380844066,0.0011004270705057273,0.0,2.0,386.43,9.870882803284925,388.04,380.65,400.1675,83856854340.27478,17.175354,—,—,—,False
DLR,—,NO TRADE,No trade: move not extreme enough,4.6355136039162765,35.020788966556616,33.533853217935466,0.011672049407898566,-0.00033592743967303385,-0.04920389797113789,-0.0043495232253387694,0.9052677047974956,1.0821336030709383,0.2652956318723942,0.025341224694589312,0.4562063509605147,-0.03468663770769442,0.028536215023212352,-0.014517260263443466,0.3483297048865163,mixed,Real Estate,-0.02006789000392406,-0.0510785975839837,-0.013844289575746016,-0.1421639281253002,42.5834391886893,0.011445407671822672,1.0,1.0,178.55,4.524675669218922,180.48,177.3535,181.02,66238161460.0,86.851834,—,—,—,False
FSLR,—,NO TRADE,No trade: move not extreme enough,4.5595347839657085,42.566099177924315,32.07776955050372,0.014525594096798544,-0.017444150582409557,-0.1581814675537555,-0.2358424507658643,0.7618244171511491,1.03578777936853,0.6065680784469316,0.05053116093612652,1.772389504047641,-0.3614583879470834,-0.23260207302775682,0.20327692039332787,-2.0992247556535806,mixed,Semiconductors,-0.0926546127244523,-0.15856522866342893,-0.22130018920073002,-0.45595887209845765,36.33669023789712,0.016617279646737426,1.0,0.0,174.61,8.823246011057053,178.27,173.1,178.68,18769635500.0,10.764176,—,—,—,False
SPCE,—,NO TRADE,No trade: move not extreme enough,4.474531535297353,35.418849434389024,29.727907490233946,0.013377926421404451,-0.050156739811912265,0.023648648648648685,0.1564885496183206,0.6743181869416015,0.8608804413171743,0.5540918324721946,0.05657255602667078,2.5730137998364073,0.057619983132531034,0.05005790621051864,-0.03397133448388235,0.11828590301857385,company-specific,Space & Drones,-0.013992840872111945,0.011821278300941485,0.016420388789184948,-0.6595505617977528,48.617375099924274,0.02341137123745818,2.0,1.0,3.03,0.17141484476081245,3.1,2.97,3.23,459335880.0,-0.9,—,—,—,False
UAL,—,NO TRADE,No trade: move not extreme enough,4.408232322816785,38.64905443905855,27.119475054911028,0.00653068527464673,-0.012983595052197483,0.03543162157187574,-0.1281673769856645,1.0394622628282177,1.1302066559472668,0.3444756397812014,0.034426120120012886,1.2404687230424174,-0.0008912528640048142,0.061840879133745696,0.03632287443588055,0.7715309650021184,industry-wide,Industrials,0.01981667591973646,-0.028879841251071348,0.03104144028727296,-0.18923398429055271,50.709143557686716,0.02657004830917864,3.0,1.0,112.51,3.8732827747026497,114.7636,111.355,114.7636,36509208320.0,10.515543,—,—,—,False
W,—,NO TRADE,No trade: move not extreme enough,4.394212940863162,37.15777183561709,28.344365789206915,-0.0011837821840782192,0.031584309730005034,0.04402969684471025,0.12138664303909619,0.9102741305764357,1.2649058214072988,0.42882648647738764,0.04855303246505955,1.6169399365832924,0.12466639340278987,0.09915592044079469,-0.08063669655807962,0.6524207198231554,company-specific,Retail & Internet,-0.0002962085308056972,0.008283358992692502,0.14727238115957775,-0.15610935155859318,50.910099791776716,0.02091348525204695,1.0,3.0,101.25,4.915994537087279,106.0,99.24,106.0,13862548228.207085,-41.11,—,—,—,False
AAPL,—,NO TRADE,No trade: move not extreme enough,4.3148207988161715,38.15151209148346,25.368118985177325,0.010202228142407455,-0.021637786964552763,0.016696627159440647,0.055246347479602775,0.7842569202095874,1.1771522322721024,0.23041233361064367,0.021081555866804547,0.22802587329212973,-0.1255862874118597,-0.057723978314560664,0.14228291457130035,0.09025180579388346,mixed,"Technology Hardware, Storage & Peripherals",0.005408336974042971,0.034966605276037566,0.15400337392697305,-0.03373486998320485,54.71995817838169,0.008900460159845025,2.0,2.0,333.69,7.034704377194009,334.54,330.61,342.988,4871398018000.0,38.252725,—,—,—,False
DVA,—,NO TRADE,No trade: move not extreme enough,4.281858398587234,36.644944792661036,31.57427029724617,0.01326906719591725,0.0012327001736986976,-0.016349223824727477,-0.22132647725291965,0.621370272675854,0.9072955276640401,0.3580699738645739,0.029593298292568872,0.7084028213166145,0.04870344907078744,0.024514218400829346,-0.06505267289551492,-0.05833361229931017,mixed,Health Care Services,-0.017249960814292864,-0.05687165769756142,0.05065010776086987,-0.27799102994060365,44.85422322583673,0.0,3.0,1.0,178.69,5.288026471899132,180.0,176.27,182.36,11403612000.0,15.070041,—,—,—,False
AFRM,—,NO TRADE,No trade: move not extreme enough,4.275035683450873,33.67973261943167,31.982484037629476,0.004827488286241577,-0.010486577181208045,-0.0475100942126514,-0.15528765815230372,0.6130429942280953,0.9592470266281826,0.4923415784634893,0.047327826715433764,0.7467957846193312,0.06489554874403328,0.039067774639807595,-0.11240564295668468,0.9326490217094981,mixed,Crypto & Fintech,0.002770122352974358,-0.03457100684544678,0.059695268356558806,-0.21749226006191957,48.20603756662416,0.022291637086468752,2.0,1.0,70.77,3.349390296651247,72.6,70.32,72.6,23879304976.38,12.793073,—,—,—,False
TYL,—,NO TRADE,No trade: move not extreme enough,4.222690348226407,37.77714149527271,33.40820401971229,-0.022321158156157206,-0.008477439567527667,-0.14886492472381152,0.03794090222179358,0.5116054206191144,0.9661697666077644,0.3909097697179175,0.038131584540740185,0.9267660180258496,-0.1278098246764891,-0.22328553019781283,-0.02105510004732242,-1.0020593981078416,mixed,Application Software,-0.039997382973566586,-0.03963095362763103,-0.06561032960674484,-0.38445550407108664,42.41712160114247,-0.0022866315343146315,1.0,1.0,322.81,12.30925680559634,330.83,322.25,333.825,13221654816.5,42.778956,—,—,—,False
DECK,—,NO TRADE,No trade: move not extreme enough,4.221817245595902,37.19596273583991,30.855651765534713,-0.005655397762975856,0.005720096606075975,-0.06366863905325437,-0.2411279493573758,0.77950483017446,1.2321699412823117,0.2879632993215307,0.027746177956608904,1.9890631654697388,0.009243236979296326,-0.008542415457169938,-0.0729118760325507,-0.04442802464308668,mixed,Consumer Discretionary,-0.006535619439857809,-0.09876250706227563,-0.21880361036743978,-0.35301279991233947,40.02049904265676,-0.000879728540907343,1.0,1.0,79.12,2.1952775999268965,79.9,78.295,79.9,10778124390.0,11.227791,—,—,—,False
HOOD,—,NO TRADE,No trade: move not extreme enough,4.215673597830332,35.81795222561004,33.74753792615772,0.014304993252361564,-0.05577889447236195,-0.09605516356638877,-0.02058900182434198,1.2476032492854257,1.5376904422490663,0.5195179467814537,0.05553915380820143,3.2677576451982744,0.01331641255568733,-0.009477294713929774,-0.1093715761220761,0.2709817641953213,mixed,Crypto & Fintech,-0.027684346701164375,0.06968209359386246,0.19522197452811718,-0.26725547072369094,49.762256899077315,0.021907332433648063,2.0,1.0,112.74,6.261484200336629,119.38,112.44,123.49,101362539899.71228,49.924719,—,—,—,False
DUOL,—,NO TRADE,No trade: move not extreme enough,4.213359951227849,37.938633952806846,32.36965416039736,-0.015692160742307282,0.005295798202215929,-0.09161314695882117,0.11019622931896911,0.6829521834549076,1.3971347455870204,0.590156990150082,0.04822354973798395,1.660090051171475,-0.06909005260983232,-0.16603375243282248,-0.022523094348988842,-0.41733969712787555,mixed,Application Software,-0.010388621561276845,0.012706742533683313,0.13260738750175172,-0.5913031161473088,49.76783518885278,-0.003888926792658731,1.0,2.0,144.27,6.957211520698944,147.57,143.48,147.57,6755432876.720259,17.302503,—,—,—,False
CLSK,—,NO TRADE,No trade: move not extreme enough,4.173133470708403,38.290935569795856,31.333359186812565,0.01757188498402562,-0.08673835125448026,0.012718600953895098,-0.011636927851047307,1.0556801705659697,1.0863244978216933,0.6260012924445746,0.07084698447480223,7.2294439795042065,0.03683316633569897,-0.06170200452010621,-0.024114565381803867,-0.44246802601710283,mixed,AI Cloud / Crypto Miners,-0.05552672548002069,-0.015189579870907965,0.013151485630784165,-0.4603981363828886,45.86733341423236,0.03274760383386588,2.0,1.0,12.74,0.9025905822089805,13.482,12.37,13.98,3274417782.627791,-3.38,—,—,—,False
MSI,—,NO TRADE,No trade: move not extreme enough,4.127549042531866,36.69921670997048,33.88517671055484,-0.0013838359038456094,-0.020727543337418997,-0.05255913432014059,0.07238560916564807,0.7020884419766817,0.9623634942251931,0.14683116482228642,0.018540815328202294,0.3723881228322477,-0.2100858478898459,-0.1269797397941419,0.15752671356970532,-0.6296780289886074,mixed,Communications Equipment,-0.024507767897342325,-0.02996714450304594,0.038112061158608324,-0.09586743457613423,39.28971781437081,0.003950628306140347,2.0,1.0,447.41,8.295346185990988,451.24,445.96,456.8,74033740900.0,35.239678,—,—,—,False
DIS,—,NO TRADE,No trade: move not extreme enough,4.119110697117536,39.61037294366609,29.569537649267545,0.008487121286884447,-0.03730569948186535,-0.04637924598730869,0.06259748362275142,0.7758195044976769,1.498932202511476,0.23800656432070055,0.020678159954406947,0.3883104089326978,0.06624836891583744,-0.019390359058397033,-0.11262761490314613,-0.3301450409452233,mixed,Movies & Entertainment,-0.02656721820554586,-0.020201923353499907,-0.0160158608344656,-0.12724359631322557,42.38096374258689,0.0016776867660119876,0.0,2.0,102.19,2.113101165740846,102.63,101.23,106.575,176441817650.0,21.077926,—,—,—,False
HCA,—,NO TRADE,No trade: move not extreme enough,4.105167486689872,34.34162333153791,26.22975710060702,0.0077942322681217036,-0.0204770322077088,0.04274193548387095,0.043226326984670216,0.6162753739029009,0.8084578121433373,0.2748868563816693,0.028364070704859124,0.4294704644943588,0.0894574997274972,0.08360537770942778,-0.04671556424362624,0.8744895969790298,company-specific,Health Care,0.0023020365976837986,0.024352652528172092,-0.04320049870446707,-0.23328901027815707,52.36207965084884,0.005644913672972818,2.0,2.0,426.69,12.10266532905634,430.22,424.23,443.145,92454800789.96574,14.285427,—,—,—,False
TMUS,—,NO TRADE,No trade: move not extreme enough,4.070182319801101,38.567185634168425,34.20906473263987,0.01180980646756935,-0.010820286526023182,-0.12966705669609624,-0.09830284328851668,0.6624152751098444,0.9331202660524142,0.3157447072214615,0.02701357667680393,0.31790028912854734,-0.04252378064417592,-0.10267816976718458,-0.08714327605192032,-1.0918571810879407,mixed,Communication Services,-0.0420045078008372,-0.07219779808565685,-0.14431970566773167,-0.29846523193003516,37.45510873135552,-0.0008038088171643532,2.0,1.0,163.64,4.4205016873921945,164.57,160.81,167.5,175510521128.96503,17.125037,—,—,—,False
TGTX,—,NO TRADE,No trade: move not extreme enough,4.054389510187187,38.968704136696545,21.21816018024594,0.01249533756061183,-0.054675256834407104,-0.04267324986774823,-0.08076532339993236,0.9225303096001233,1.1785938960110915,0.3494318301973209,0.04181687959328368,1.0782454011163451,0.016862647998213735,-0.0018098076421914078,-0.059535897865961966,-0.14927740651434712,mixed,Biotechnology,-0.02546727399196702,0.01088154680331277,0.31403627456556804,-0.0844856661045531,46.42066933752017,0.010257366654233602,1.0,2.0,54.29,2.270238393119371,54.98,53.145,57.66,8310118763.987343,19.774176,—,—,—,False
DJT,—,NO TRADE,No trade: move not extreme enough,3.9296155877994154,37.093073086461544,28.578185340319884,0.013651877133106005,-0.02516411378555805,-0.06407563025210083,0.042105263157894646,1.2654863399634528,1.409375161892901,0.41442454971946474,0.0459769833295407,1.4275313836073575,-0.040846445731144806,-0.13849623572610215,-0.023229184520956028,-0.6537823021074178,mixed,Application Software,-0.0027421791930157813,-0.026325279480706842,-0.10644667136342101,-0.5041736227045075,47.79911805692057,0.023890784982935287,4.0,1.0,8.91,0.40965492146620763,9.27,8.84,9.47,2476456804.8,-1.89,—,—,—,False
CVNA,—,NO TRADE,No trade: move not extreme enough,3.893796156402743,37.47127963735405,33.25222385423368,0.011579949238578635,-0.01982785121426378,-0.13155386081982845,-0.049910607866507806,1.159149499139837,2.341565193729425,0.47691786812569203,0.0516886610695378,0.8056219303507296,-0.06147053569421834,-0.07642763722374402,-0.07008332512561011,-0.32651186640117463,mixed,Consumer Discretionary,-0.04499472103871982,-0.07238509183053021,-0.11366628736531781,-0.3451292899833638,43.10893126340485,0.0204631979695431,2.0,1.0,63.77,3.296185916404426,66.02,63.21,66.02,70160071876.88249,29.580666,—,—,—,False
GILD,—,NO TRADE,No trade: move not extreme enough,3.888650481772164,38.789360367714615,26.53154757539208,-0.018711864406779632,-0.041012389849599096,-0.04285147467266226,0.0734203500444972,0.8558211600128907,0.9089728982316088,0.20227826172100039,0.0238321030701794,0.4068051388754476,0.016680631176173882,-0.0019880324471054367,-0.05953210584883614,-0.08257325454536686,mixed,Biotechnology,-0.02637053280887125,0.01078877699027414,0.05883448103192834,-0.07978892491576062,43.77053948826909,0.0010169491525424679,0.0,2.0,144.74,3.449458598377767,148.0,144.0,152.74,179447011200.0,-54.49,—,—,—,False
ROKU,—,NO TRADE,No trade: move not extreme enough,3.835619029100839,38.258460054679325,31.221739356100315,0.007470580457490383,-0.001899397432538752,-0.037394984524035224,0.08648224725509768,0.6734364527943378,0.8853850393414024,0.12527689455044327,0.012172760336504282,0.956474952936206,0.03954059015364687,0.01773123907204921,-0.0769355746776821,0.10632511474634021,mixed,Retail & Internet,-0.010007763243801593,-0.005142393442387649,0.23640694737542423,-0.04690724873350427,45.37649557054086,0.0,1.0,2.0,152.39,1.8550069476798874,152.56,150.815,153.51,22625355900.4,65.104456,—,—,—,False
BAX,—,NO TRADE,No trade: move not extreme enough,3.8115549109228986,38.171565993339755,27.501537512806244,-0.006345177664974666,0.005134788189987027,-0.08134532655455617,0.04585930543187877,0.6874688833866267,1.3102129636907434,0.24442749625976984,0.030016451227454274,0.9300387237038585,-0.030064531443642427,-0.04048188432899935,-0.05128079511091375,-0.3366292056625226,mixed,Health Care Equipment,-0.011009830958044864,-0.06978401881816243,0.12765982981889756,-0.21700000000000008,41.81477296865638,0.008460236886632888,0.0,1.0,23.49,0.7050864393329008,23.85,23.4,24.095,12141651060.0,-12.18,—,—,—,False
OKE,—,NO TRADE,No trade: move not extreme enough,3.751673705834107,40.25783601498941,31.674948011631994,0.008260670032124828,-0.008462146000225657,-0.08219321148825065,-0.01810055865921789,0.9610927247916343,1.1597434722512852,0.24199207476319703,0.027983007485668867,0.5689867893914912,-0.04740270889836603,-0.05433805828490801,-0.03479050258988462,-1.2306948106000708,mixed,Oil & Gas Storage & Transportation,-0.044886425388544815,-0.04681951395170758,0.013106517982410137,-0.11983574540537834,39.064197459575354,-0.007228086278109225,1.0,1.0,87.88,2.45914669784058,87.98,86.03,89.63,55406663551.39009,15.181302,—,—,—,False
VKTX,—,NO TRADE,No trade: move not extreme enough,3.7308022471254634,40.61900640226789,35.23485619565504,-0.01868239921337267,-0.15804274465691792,-0.11889346674514412,-0.2722411278561011,0.8068814725359715,1.2723074568047292,1.3097961683199437,0.08656939419214785,5.006941767181101,-0.0609792756212544,-0.0780300245195873,-0.057914191123889715,-0.5877675346349353,mixed,Biotechnology,-0.08930526828081264,-0.10213580121034727,-0.0972648844633226,-0.3061413673232908,42.061248636813396,0.011143887250081974,3.0,1.0,29.94,2.5918876621129066,31.09,29.9,35.1896,3807327575.677493,-6.42,—,—,—,False
ADBE,—,NO TRADE,No trade: move not extreme enough,3.717713534891724,38.97963757684776,33.43326646637978,-0.014878978779840901,0.009427952605427503,-0.16818897637795271,0.06754996631484378,0.5500798697074052,0.9351871391170731,0.4305384433493433,0.038557119041248054,0.8004131237553148,-0.14762936483458264,-0.24260958185195403,-0.020559611543370084,-1.1395448077887045,mixed,Application Software,-0.037904591901786966,-0.08045381146072805,-0.08535749471302267,-0.34646686829804785,41.01981202885149,0.0073358753315651,2.0,2.0,237.69,9.16464162491425,243.92,236.88,248.3,92520627633.5849,13.260177,—,—,—,False
AR,—,NO TRADE,No trade: move not extreme enough,3.692234979294251,38.834355579028774,34.09899034042499,0.001469291801351691,-0.026285714285714357,-0.14134542705971276,-0.01188750362423907,1.0953519275430765,1.0953519275430765,0.39579999470662347,0.0327919692350022,1.4548850341043262,0.030016092132529565,-0.11349027385637012,-0.17136151919224232,-1.6825217519514788,mixed,Energy Services & LNG,-0.05700055340343113,-0.06890333861537612,-0.06162362792055198,-0.2550819672131148,38.55846250518511,-0.012635909491625075,2.0,1.0,34.08,1.117550311528875,34.455,33.6,35.16,10471372340.0,9.784107,—,—,—,False
CDE,—,NO TRADE,No trade: move not extreme enough,3.6077914516355136,33.88219299981675,34.48550779865065,0.005694760820045719,-0.08116545265348585,-0.18429561200923783,0.10237203495630465,0.8184825445017995,1.2165456569150639,0.4996675319533152,0.05199152461497784,2.7461398119465117,-0.031363905896733074,-0.11283989175078102,-0.15293170611250476,-0.224168906668481,mixed,Metals & Mining,-0.09051113686107892,-0.06644816831421485,-0.08364942066510661,-0.36406193734245584,39.03745090588534,0.03075170842824626,2.0,0.0,17.66,0.9181703247005086,18.155,17.525,18.695,18158472240.76852,14.503942,—,—,—,False
HIMS,—,NO TRADE,No trade: move not extreme enough,3.5702067251161367,38.203595109038986,30.984283251086868,-0.010238907849829393,-0.014276002719238678,0.04241552839683682,-0.18194640338504942,1.0410848513727238,1.5580421456589075,0.4537499824434347,0.059847736346617796,4.320583543465013,0.10376182580034315,0.08327897062239364,-0.06134629740350633,0.10060993163714897,company-specific,Biotechnology,0.014500358573402483,-0.009988870909376502,0.052956447542799046,-0.5558917846105784,49.46794794335835,0.02662116040955631,3.0,1.0,29.0,1.735584354051916,30.61,28.55,31.03,6763761930.77,-46.55,—,—,—,False
ROP,—,NO TRADE,No trade: move not extreme enough,3.5572468157556187,40.25572130421847,36.10654952215715,-0.022808130395212123,-0.01182507809013833,-0.16107493784775662,-0.004551328875653238,0.8467771378379623,1.2940579066779632,0.264427185096737,0.027872797197851237,0.7615805316230692,-0.2473731092219274,-0.23549554332175793,0.08629817137417077,-1.6416218319646385,mixed,Electronic Equipment & Instruments,-0.05010716856495989,-0.09348662258270357,-0.040184421552778904,-0.32028852056476365,34.99236923026292,0.0007998014286108024,1.0,1.0,354.32,9.87588950314265,363.9,353.6,363.9,35059380041.0,14.68337,—,—,—,False
CIFR,—,NO TRADE,No trade: move not extreme enough,3.5526429816625247,38.61680635977747,35.504561299250454,0.016170763260025867,-0.11393119007332198,-0.0955670696603339,-0.32459157351676704,0.8493968477124206,1.1425655365811944,0.8115560024279103,0.08913497848529808,7.27836306203633,-0.07918719503668925,-0.16998767513433521,-0.016379874623644652,-0.7941210660737512,mixed,AI Cloud / Crypto Miners,-0.07880849067667417,-0.10661480369409948,-0.1424637382522036,-0.47876575978765756,43.14583667686885,0.028460543337645472,2.0,0.0,15.71,1.400310512004033,16.42,15.35,17.94,6524287320.0,-5.7,—,—,—,False
ROIV,—,NO TRADE,No trade: move not extreme enough,3.5485840572149026,39.23970287674782,36.10137130994079,0.006197183098591408,-0.0022346368715083775,0.038070328392909136,-0.02961151860907374,0.48975688440590087,0.6410889729289836,0.6963874344176164,0.03785657140652867,0.6044143616406378,0.09932417473250212,0.07893377061846596,-0.06125384633959298,0.49029111746556003,company-specific,Biotechnology,-0.06863959324685487,-0.023686267649904558,0.1836133176379755,-0.15952941176470592,42.13424537400066,0.003098591549295815,0.0,1.0,35.72,1.352236730641204,36.0,35.19,37.345,25806434119.89912,-81.44,—,—,—,False
MDT,—,NO TRADE,No trade: move not extreme enough,3.5176586415380795,41.00673232943107,35.019711235956045,-0.0006941230911615692,-0.02549638989169678,-0.07218045112781957,0.048428207306711935,2.829850474596087,2.829850474596087,0.19478814120707938,0.02390756095850817,2.7648274622011666,-0.020288664321790044,-0.031317008902262744,-0.05189178680602952,-0.5160437909844408,mixed,Health Care Equipment,-0.04592019881264664,-0.03937901046474124,-0.025579387134782583,-0.18762343647136281,35.515280812683415,0.0012725590004627474,2.0,3.0,86.38,2.0651351155959357,87.94,85.59,89.53,110466530400.0,21.265387,—,—,—,False
PAAS,—,NO TRADE,No trade: move not extreme enough,3.5062122527924857,36.881546784219985,32.294665675927305,0.011783014673188097,-0.05266444629475442,-0.13479087452471494,0.0315049864007253,0.9311066582138443,0.9889010202553316,0.44384776322353414,0.04068404463325203,0.7447558957884124,0.022266226378166692,-0.06333515426625813,-0.15705710090288164,-0.10554013482394184,mixed,Metals & Mining,-0.06322365509504646,-0.06888339662171017,-0.13779547697851402,-0.34976425203600514,40.57603077818131,0.01645175633614948,0.0,0.0,45.51,1.8515308712593,46.02,44.775,46.52,18873411360.0,13.701641,—,—,—,False
FLNC,—,NO TRADE,No trade: move not extreme enough,3.496597035096761,40.494755874776466,36.84296439927092,0.005284015852047519,-0.030573248407643194,-0.25392156862745086,-0.545400238948626,0.6893511389399936,0.842426349245867,0.839419445236182,0.08012063991027793,3.3006314375509977,-0.19120942831078774,-0.17955484773505015,-0.0627121403166631,-1.5013971110050204,mixed,Nuclear & Power,-0.10259433962264153,-0.2970691199970441,-0.5507647624838399,-0.7729036108624291,33.365496058863755,0.022457067371202122,1.0,1.0,7.61,0.6097180697172151,7.89,7.445,8.0399,1403855435.140024,-11.87,—,—,—,False
ZTS,—,NO TRADE,No trade: move not extreme enough,3.4744105365828664,37.888088656637464,30.12736955140765,0.008538350217076829,-0.019141449683321543,-0.08651199370821872,-0.07179009057005858,1.1460410152126783,1.176222222943178,0.19846211997410187,0.026971061798089727,1.2730114901361005,-0.04556323076355432,-0.04564855148266189,-0.040948762944664395,-0.6255452213708029,mixed,Pharmaceuticals,-0.032419298854564516,-0.06326868018871734,-0.29140643468844607,-0.531621748773439,37.469988740281124,0.0002894356005789245,1.0,1.0,69.69,1.879613296708873,70.1,68.77,71.7,28793448320.000004,11.464434,—,—,—,False
BTU,—,NO TRADE,No trade: move not extreme enough,3.47044016939968,35.467281950872106,34.633959937483986,0.0028294260307195618,-0.024764150943396346,-0.10238784370477572,0.05889884763124198,0.4788171869263577,0.8616825689498095,0.4845706842708739,0.04654090822630847,0.9984881050041018,0.0733022958602374,-0.07453269050143307,-0.17569013956501311,-0.6037054294116226,mixed,Energy Services & LNG,-0.0665387437214291,-0.03920627052481562,-0.14001379582866835,-0.3969358214288319,41.555827786373456,0.0008084074373484462,2.0,1.0,24.81,1.154679933094713,25.23,24.605,25.5187,3024339000.0,-16.54,—,—,—,False
BMY,—,NO TRADE,No trade: move not extreme enough,3.452664351352895,41.57098945169263,30.050314791482258,-0.00504393101204037,-0.027203308940502713,-0.10192392421794694,0.055402140144977574,0.8416141635498418,1.4329947487365673,0.19751601398151913,0.023020291175696785,0.48638842602025295,-0.06354381635823725,-0.061060481992390114,-0.03838010785970969,-1.0932898385615977,mixed,Pharmaceuticals,-0.031494254694045654,-0.052034985567368186,0.029527141466962448,-0.1091200466200466,37.85721814638202,-0.013016596160104199,0.0,1.0,61.15,1.4076908053938584,61.24,60.24,64.13,124911992873.92204,13.470943,—,—,—,False
ABT,—,NO TRADE,No trade: move not extreme enough,3.3209414856967734,40.935489002693295,29.5307134531349,0.008377288240769554,-0.03741731661565806,-0.10377792076477621,0.032838983050847315,1.005442806218692,1.025487839620932,0.18280965139380173,0.023568717683350508,0.5033527989810129,-0.0539926319345438,-0.06291447853921939,-0.04978528883023241,-0.8963669561123437,mixed,Health Care Equipment,-0.046072263694977855,-0.08740506672706949,-0.06262753673418486,-0.27972518745613717,29.688364822285735,0.005791705450408635,0.0,1.0,97.5,2.2979499741266745,97.59,95.06,101.7619,168712376134.42447,31.514642,—,—,—,False
EXEL,—,NO TRADE,No trade: move not extreme enough,3.280392642652788,37.52894019646356,29.934794244568646,0.0077666551605108936,0.003954607977991742,-0.012514797902925756,0.022591943957968486,0.9238067991788995,1.4103558754436523,0.2408237956157476,0.027836171632948093,0.7947627349847851,0.04766276915377712,0.028348644322631067,-0.06017756705670287,0.20402913324248012,mixed,Biotechnology,0.010845949431734558,0.04577481185366672,0.18975332841593073,-0.04497873732417401,56.13277832492413,0.002934069727304145,4.0,2.0,58.39,1.6253540616478392,58.97,57.94,61.14,14469229890.0,18.33972,—,—,—,False
HL,—,NO TRADE,No trade: move not extreme enough,3.278400139154663,35.37736780444424,34.319043702976124,0.0117647058823529,-0.054425508521165566,-0.1890617633191891,0.0892970234325523,0.91496298048128,1.1266605675166985,0.4695091504801145,0.05036396656876797,4.973134196178692,-0.03652723648251363,-0.1176060430607323,-0.15253452683667548,-0.3706510176167886,mixed,Metals & Mining,-0.076088416189939,-0.05766849654295836,-0.10342185304979923,-0.49663447468539657,41.00957774739196,0.014117647058823346,2.0,0.0,17.2,0.8662602249828091,17.4,16.92,17.63,11554417164.9647,22.05411,—,—,—,False
DPZ,—,NO TRADE,No trade: move not extreme enough,3.2677816070432373,39.955396518656855,32.94617528725921,0.00886440677966105,0.018741014582049687,-0.14239402933463952,-0.010851502260037171,0.7728814798869423,1.0639912068510442,0.3193910710658278,0.030261149178365008,1.7504434631769115,-0.03451883731305598,-0.08726780573855508,-0.10787519202158354,-1.2992591449377495,mixed,Restaurants,-0.026694246633581664,-0.10099058232393698,-0.15878384251056454,-0.3271956595456087,39.40378470538556,0.006067796610169651,1.0,1.0,297.615,9.006171912719102,301.31,294.97,302.9,9848391206.941658,16.873512,—,—,—,False
CRSP,—,NO TRADE,No trade: move not extreme enough,3.227812934489764,37.03369097130038,28.516205412261712,-0.00018037518037516964,0.022127973446431914,-0.018764383076650737,-0.01615193468228615,0.6895689272213701,0.9794249130311348,0.4900557533337824,0.049803813075035154,1.1699104482551423,0.04128021408273884,0.022099059148906086,-0.060044597159389576,0.2009593808463037,mixed,Biotechnology,0.0094562540121923,0.01943979548673047,0.04025083876440427,-0.29370540265035683,50.55116231637344,0.018217893217893355,1.0,2.0,55.43,2.7606253587491985,57.58,54.09,57.58,5359676361.0,-11.64,—,—,—,False
SYK,—,NO TRADE,No trade: move not extreme enough,3.2067380945638533,37.51612687489239,32.30185625834972,0.009048944900351907,0.011271846086062576,-0.10571771810773078,-0.15798966708446704,0.6215349202756485,0.928201218418483,0.3837491056980397,0.02844496886584526,0.520209896140614,-0.05606174910036201,-0.06485427588217396,-0.04965596900736877,-0.7024042849879312,mixed,Health Care Equipment,-0.0068420910295587944,-0.11498140506622778,-0.1658711911055334,-0.2983568972105465,38.14440184197862,0.0008242966002345309,2.0,2.0,275.43,7.834597774719761,276.97,271.213,280.165,105659034204.80656,28.53842,—,—,—,False
EOG,—,NO TRADE,No trade: move not extreme enough,3.047860747800186,37.46863810341724,28.593271255628117,0.000495364800792597,0.007338795867474213,-0.03137845985201437,0.058709001048375065,1.0884042426020073,1.0884042426020073,0.30537732929248046,0.024565375771031378,0.686254096341339,0.03594097954957423,-0.0035233066486717313,-0.0673194394015886,0.033005109726275676,mixed,Oil & Gas Exploration & Production,-0.016822091947788276,-0.02052613639197809,0.07094012529651028,-0.08290088220031133,46.44106007259957,-0.011039558417663353,1.0,2.0,141.38,3.473052826508416,141.68,139.46,142.38,74178916960.0524,10.998141,—,—,—,False
ARES,—,NO TRADE,No trade: move not extreme enough,2.9561530191119885,37.48024281853424,33.142187971621524,0.008406965771639463,-0.03655438078846007,-0.1693753533069532,-0.03378267302317939,1.1252833051252784,1.1391951414571568,0.27801511596815326,0.0378931114302628,0.785409289692699,0.003266953796376565,-0.0827974844544942,-0.17264230710332976,-0.3856657701736919,mixed,Asset Management & Custody Banks,-0.06407372758215724,-0.11769783308689419,-0.09480484978226811,-0.35123351178321105,33.259254430647545,0.016041863258128286,2.0,1.0,117.55,4.454335248627392,120.495,116.725,120.69,38830693240.12289,53.599927,—,—,—,False
PCVX,—,NO TRADE,No trade: move not extreme enough,2.938511911673563,39.00942434552617,30.522302929561405,0.007671721677074084,0.004803415762319796,-0.07667157103155153,-0.05599197726892868,1.6986709752405071,1.6986709752405071,0.3077504593349086,0.038130027414899084,1.6126026883073064,-0.017859041700989634,-0.03580812880599471,-0.0588125293305619,-0.4216288898032433,mixed,Biotechnology,-0.03234234658694235,-0.035168187882546054,0.024330107062264572,-0.1310769230769231,42.798239465153905,0.012667261373773497,1.0,1.0,56.48,2.1535839483935,57.0,55.84,58.9811,8403034352.016219,-7.33,—,—,—,False
EXPE,—,NO TRADE,No trade: move not extreme enough,2.9216919013710156,38.298067900124344,31.381443371483165,0.008870445806525185,0.0031419161903318837,-0.12581645444349143,-0.010381656583762666,0.5790864850056421,1.13548739054642,0.4513471956222582,0.04317582961724924,1.189876602871212,-0.11009523231163665,-0.070690230847407,-0.015721222131854784,-0.7192676713412357,mixed,"Hotels, Resorts & Cruise Lines",-0.03688546932752801,-0.11080419874901881,0.0189289115407254,-0.22514619883040932,37.78480906945668,0.010545551452392665,3.0,1.0,265.0,11.441594848571048,269.0499,261.27,269.0499,31824238040.000004,16.527895,—,—,—,False
BKR,—,NO TRADE,No trade: move not extreme enough,2.8463054727493247,38.108298615785564,31.415616707065002,0.006832074793239995,-0.03164447518588964,-0.12005028284098052,-0.020979020979021046,0.49728003345256,1.0088106024411907,0.31729748693305826,0.028258798811131663,0.425384037686191,-0.10813539223856636,-0.09219512963763787,-0.011914890602414161,-1.493112605862004,mixed,Energy,-0.03527699178693389,-0.07622313830094352,-0.05651198377200617,-0.20465842920039767,37.607064940827286,-0.0016181229773462036,1.0,1.0,56.0,1.5824927334233732,56.32,55.3,58.19,55589747393.02409,17.994859,—,—,—,False
EBAY,—,NO TRADE,No trade: move not extreme enough,2.812020843825135,36.15143602871809,24.43085715838675,0.00481631882141853,-0.013901760889712733,0.0051010768940109585,-0.09315605556976048,0.5764314617038487,0.7280121455251174,0.2563006123202168,0.03090466476005864,0.6680685282530527,0.08087835775769771,0.06022730049009539,-0.07577728086368675,0.33095373334013833,mixed,Consumer Discretionary,-0.009536930588459835,-0.008568798243750453,0.052978995345219104,-0.1082055150448411,47.7071224019285,0.00878269902729234,3.0,2.0,106.4,3.2882563304702392,108.375,105.665,108.73,47361350784.982765,22.027617,—,—,—,False
CYTK,—,NO TRADE,No trade: move not extreme enough,2.6912374029847705,40.99103963824324,35.23497648347774,-0.00030478512648601797,0.014537581193937443,-0.11291413116970939,-0.23782967352155227,1.2935586964623587,1.4973184426929167,0.2741321702985536,0.03528329286751514,1.906061383973053,-0.054872720139959356,-0.07205068894415256,-0.05804141102975003,-0.8292974322118886,mixed,Biotechnology,-0.04902038952472787,-0.10899467162514764,-0.06484668154216211,-0.25716226927867747,33.354266194616386,0.012648582749161807,2.0,1.0,65.6,2.314584012108993,66.91,64.49,67.27,9119937304.309689,-9.08,—,—,—,False
NWSA,—,NO TRADE,No trade: move not extreme enough,2.6765537209181947,41.463485457679184,29.83070316112301,0.0017458100558660483,0.007020007020007046,-0.07287122313782513,0.043652237177155495,0.7107111057884721,1.3013264576935917,0.25676401468758886,0.024976695146482104,0.58287091141339,0.01864096318780835,-0.045882336208913466,-0.09151218632563347,-0.80806309146836,mixed,Communication Services,-0.02312793142487468,-0.022194047959865237,0.08022526970333343,-0.0938092229943146,43.16013666570559,0.012569832402234526,2.0,2.0,28.69,0.7165813837525716,29.0,28.2,29.125,16011837038.443092,27.960238,—,—,—,False
NWS,—,NO TRADE,No trade: move not extreme enough,2.6455666529839807,41.21830730784225,31.996359727009622,0.006359300476947549,-0.0031496062992126816,-0.08842165898617516,0.016704143912624536,0.7713005740288845,1.0293279554138828,0.2569592828387577,0.024442997242368092,0.1732452455934543,0.0018943399665083127,-0.061432772057263496,-0.09031599895268347,-0.977592957870407,mixed,Communication Services,-0.02805288129347272,-0.04045548804889587,0.04881809136647086,-0.11493288590604023,41.35235630442347,0.0025437201907789753,1.0,1.0,31.65,0.7736208627209501,31.895,31.15,32.27,17105115900.0,30.844947,—,—,—,False
RDDT,—,NO TRADE,No trade: move not extreme enough,2.621417733601048,37.71308572365941,32.25109919704636,-0.011168327425934543,-0.01321409503470361,-0.052118725559330725,-0.26184414158055014,0.6464840195217658,1.0327738277761953,0.47205133101174573,0.051451683669267674,1.6247441286746833,-0.11844153080108066,-0.025129838630419066,0.06632280524174994,-0.020703266377534904,mixed,Interactive Media & Services,-0.028480004205145293,-0.05413548648755828,-0.12275705603295839,-0.4388612671200255,45.61329197756889,0.001638467197218052,1.0,1.0,147.86,7.607645947337919,151.5,144.8,151.8899,28445824003.5,34.378851,—,—,—,False
MELI,—,NO TRADE,No trade: move not extreme enough,2.5661769571464204,42.393696139450334,30.291374855563873,0.006788834029624047,-0.031980874238992096,-0.14790902310584098,-0.06154892882627239,0.5979617061249662,1.116656903096011,0.25604464544375294,0.03257997886462486,0.7690031385191392,-0.07599681381824096,-0.09278279950975654,-0.07191220928760002,-1.1858837084523692,mixed,Retail & Internet,-0.06439508098224833,-0.08799850085479977,-0.07675926918053888,-0.30125205930807253,33.487430221000295,0.005121296999620162,1.0,1.0,1696.56,55.27388894256795,1709.36,1679.02,1739.88,85993943753.3962,46.168039,—,—,—,False
STE,—,NO TRADE,No trade: move not extreme enough,2.555150979998881,39.82866746132215,30.622916014514136,-0.0038215343460399342,-0.0018666539032212714,-0.08063307322664559,-0.03453703703703703,1.0232748437176225,1.0232748437176225,0.16571358575592873,0.02013192354352214,0.6938772050589328,-0.029304794560537806,-0.03976963100108877,-0.051328278666107785,-0.719985273739604,mixed,Health Care Equipment,-0.011946754855812092,-0.06893805183301427,-0.08606358725520191,-0.22602434679334915,35.72732388659817,0.001433075379764892,0.0,1.0,208.54,4.198311335766107,210.27,206.53,212.12,20326821785.13428,25.489525,—,—,—,False
RUN,—,NO TRADE,No trade: move not extreme enough,2.5176061131878287,35.7322304017186,32.38257063473392,0.009162303664921545,-0.04932182490752146,-0.13661814109742443,-0.3812199036918138,0.90044490041101,1.1276663989482583,0.5296581330644332,0.05773283129449811,2.8329163327755795,-0.05758973749567184,-0.08149191750134,-0.07902840360175259,-0.3486351022286703,mixed,EV & Autos,-0.07490176080631139,-0.15027277235906766,-0.43063809518534724,-0.6564171122994653,37.232189139632936,0.0327225130890052,2.0,0.0,7.71,0.4451201292805804,7.945,7.675,8.02,1859338840.0,5.184239,—,—,—,False
GS,—,NO TRADE,No trade: move not extreme enough,2.514735569839155,36.880315611033865,31.599379853525562,0.006568748815060088,-0.03515954888021822,-0.13042305357779438,-0.14527874844929312,0.7490703014546441,1.2145267298640687,0.2511850618795806,0.026485528312524653,0.5523045608745585,-0.03123519055427182,-0.043845184725335384,-0.09918786302352256,-0.27528674352590937,mixed,Investment Banking & Brokerage,-0.059124246241829104,-0.10083990415441146,-0.059548601876182605,-0.21787883777155792,31.97367228251548,0.009853123222590243,1.0,1.0,902.56,23.90477843375225,913.0,897.26,932.0,262887022928.23712,13.929642,—,—,—,False
FUTU,—,NO TRADE,No trade: move not extreme enough,2.4896357131173628,39.426137389919205,27.280893975645533,-0.04002630837169974,-0.08670778582283012,-0.16260962216211783,0.05308183879612449,2.3434910083283564,2.3434910083283564,0.31823173211220157,0.03786851589164838,1.464915647946205,-0.057397699702274804,-0.07603175330965883,-0.10521192245984302,-0.6119961924487028,mixed,Crypto & Fintech,-0.0874215662193244,-0.08559287448001296,-0.2256578062325565,-0.4955312771101946,34.36127325180877,0.0015972939960535726,0.0,0.0,102.17,3.8690262686497148,106.82,101.11,114.765,14309651444.01938,10.097446,—,—,—,False
GPN,—,NO TRADE,No trade: move not extreme enough,2.4566468983399368,36.60565260786427,26.09734437020875,-0.023788765724249705,-0.09376806567233209,-0.1459082488830773,0.053777897284216225,1.0265332723209426,1.1262548490376425,0.2628257711072131,0.03230025611926184,0.9510613315635267,-0.05047830424797277,-0.0593303800306183,-0.09542994463510453,-0.06746332266507098,mixed,Financials,-0.08657600018646061,-0.10962778851899224,0.024841086216488728,-0.18251981643721316,29.533295823560096,0.0001245485116452283,0.0,0.0,78.38,2.531694074627743,80.5,77.92,85.64,20732849344.829983,24.59289,—,—,—,False
HAL,—,NO TRADE,No trade: move not extreme enough,2.450522340962951,41.02430440574483,33.42073157408668,-0.0009410288582182291,-0.02777777777777768,-0.14588361491016355,-0.0665298944900351,0.7614293017839224,1.324105977310536,0.21480587169241555,0.027917498237387917,0.9726109575465378,-0.13765920031763268,-0.11802846170682091,-0.008224414592530871,-1.8621233000906479,mixed,Energy,-0.06329039468266551,-0.06260117138063992,-0.10104177544954951,-0.2693278274833678,33.26919746161765,-0.006587202007528159,2.0,1.0,31.85,0.8891723188608052,32.24,31.5,32.97,26535201402.73056,16.683254,—,—,—,False
RMD,—,NO TRADE,No trade: move not extreme enough,2.380353527437153,37.323968137700966,28.45587907673742,-0.010219308161881213,-0.014009009009009032,-0.04494087874689123,0.05008395298632773,0.7156602021653607,1.0454675158647224,0.19371898875625473,0.024731603421997476,0.6231359849707584,0.008766879551200174,-0.00407743652133441,-0.05370775829809141,-0.08764819016861955,mixed,Health Care Equipment,-0.018238983837654543,-0.019591156657589148,-0.03019750272201749,-0.23161442061291126,41.205690758358685,0.0023061270630793107,1.0,1.0,218.89,5.413500673041027,223.73,218.03,224.22,31568173667.458965,20.987181,—,—,—,False
BCRX,—,NO TRADE,No trade: move not extreme enough,2.3608533234204034,40.85149309267538,33.412491523508486,0.006157635467980427,-0.04889406286379505,-0.19028741328047571,-0.23787313432835822,1.0678257961916096,2.5762369211490936,0.4651739555998103,0.04154649741941469,2.4061957962156493,-0.13389224229563562,-0.1494239710549189,-0.05639517098484011,-1.3349114803070963,mixed,Biotechnology,-0.04455619225821528,-0.11419030271489294,-0.058904839383162155,-0.2718360071301248,35.96952211407199,0.0,1.0,1.0,8.17,0.339434883916618,8.2,7.92,8.66,2089766104.200002,-5.43,—,—,—,False
PODD,—,NO TRADE,No trade: move not extreme enough,2.2788837309210614,39.43380443899002,29.489399856321224,0.006881260035170866,-0.03261588187761699,-0.1254482667020853,-0.16804599153452526,1.8823065073802,2.1445563716008516,0.29058616106943497,0.03508810864058063,4.413307282771427,-0.07710766760100685,-0.08458482447652849,-0.04834059910107847,-0.5932949746775333,mixed,Health Care Equipment,-0.03922198065165694,-0.09326389194905915,-0.31899318139919,-0.6289168169522092,35.824583180493306,0.00791344904044644,1.0,1.0,131.69,4.620753026878063,132.53,128.01,135.4,9133948260.83488,26.107212,—,—,—,False
IBM,—,NO TRADE,No trade: move not extreme enough,2.24078255157545,36.94244540143743,33.097386947666294,-0.013208048931832361,-0.012726708349962368,-0.051425162967065785,-0.24605485946495098,1.346371101620909,1.6008046163526242,0.34867709743041075,0.030760009673227652,0.8233202337427364,-0.01161137756041445,-0.1258457684410671,-0.039813785406651335,-0.28614017418316723,mixed,IT Consulting & Other Services,-0.04116520993891015,-0.03978939541752169,-0.12861073804095158,-0.3303254526860374,41.46843695973513,-0.00048754543036966247,2.0,1.0,222.64,6.848408553647404,225.915,221.63,234.27,209742666899.4742,19.762292,—,—,—,False
VST,—,NO TRADE,No trade: move not extreme enough,2.2334765837024477,41.141777177953195,29.203982574084364,0.0019320214669051872,0.011266791853242752,-0.02912217445569265,-0.11368527661729322,2.646395284890782,2.646395284890782,0.30960209146675366,0.035276041310123685,3.7781379636326093,0.04967944523912486,0.045244546436708055,-0.07880161969481751,0.4802744786252771,mixed,Utilities,-0.016354286677719432,-0.022974951260391396,-0.09613899912983515,-0.3550437586365729,46.78445939254828,0.016457960644007175,1.0,1.0,140.02,4.939351304243519,143.02,134.79,143.51,46982215627.54473,23.635259,—,—,—,False
ROST,—,NO TRADE,No trade: move not extreme enough,2.147799867043508,36.87073492337097,25.028838000606246,-0.023750533959846276,-0.03210232085380316,-0.013510596969827704,0.035992747053490426,1.2382161694292988,1.2382161694292988,0.2021139317410565,0.022153460014301744,0.7383480753191033,0.06149119748286577,0.04161562662625673,-0.07500179445269348,0.1994298143870255,mixed,Consumer Discretionary,-0.009678320951062469,-0.038807303449468034,0.04896946461087803,-0.11073929961089501,43.13466574505108,0.003759077317385673,1.0,2.0,228.54,5.06295175166852,236.0,227.66,239.7282,73036567969.23837,27.614456,—,—,—,False
NE,—,NO TRADE,No trade: move not extreme enough,2.104304242114265,39.78087341183774,31.076722047198185,-0.024448705656759273,-0.04950957496496955,-0.12642197896544327,0.046272493573264795,1.3398791594282666,1.3398791594282666,0.3429153119841396,0.03743291073050363,1.0072053591262757,0.04659770112616235,-0.09856682576210063,-0.17301968009160562,-1.1406401653754055,mixed,Energy Services & LNG,-0.07533624136677564,-0.07542866489173194,-0.05483248821733733,-0.25973081120407415,33.27153787447331,-0.01366251198465962,0.0,0.0,40.7,1.523519466731498,41.319,40.3301,43.505,6497438373.12082,44.0,—,—,—,False
LCID,—,NO TRADE,No trade: move not extreme enough,2.0449261192047476,35.39484217964602,34.801363835196504,-0.014319809069212486,0.014742014742014753,-0.10217391304347823,-0.2915951972555746,0.694956378935386,0.9109525532773844,0.5405923044101664,0.07149325956847773,1.9514131816309639,-0.02068520743787232,-0.04704768944739379,-0.08148870560560591,-0.09688677033434731,mixed,EV & Autos,-0.017017731762465904,-0.23534094906593106,-0.4601166043556695,-0.8363059849385652,39.66636203598816,0.01909307875894961,1.0,1.0,4.13,0.295267162017813,4.295,4.08,4.31,1625539611.426015,-0.3,—,—,—,False
IDXX,—,NO TRADE,No trade: move not extreme enough,1.9697925073527567,36.16384118080812,24.5918828213177,0.001236117817479343,-0.0016754612332935404,-0.020593625422736128,-0.071983530254207,0.5841598697120584,1.2689987116402042,0.20936574531478122,0.024727563759720437,0.36660562997535506,0.034737283096965624,0.020269816802820695,-0.05533090851970175,0.19421307883036437,mixed,Health Care Equipment,0.0020770690226759037,-0.04672042698333412,-0.11831140450651245,-0.3267487467206941,44.70930923581138,0.011105746016417228,1.0,1.0,518.39,12.818521777401477,524.02,516.02,536.84,40862188311.20255,36.434239,—,—,—,False
TSCO,—,NO TRADE,No trade: move not extreme enough,1.9050391041774652,39.758960365492285,29.826049720603415,-0.02017018594390174,-0.03656647040594985,-0.10144508670520236,0.03220451527224433,1.4295363043254306,1.4295363043254306,0.2816110659324482,0.032114143925125876,2.6176411483598323,-0.03010722932481616,-0.046318863109117925,-0.0713378573803862,-0.9999884264359326,mixed,Consumer Discretionary,-0.0497294984258948,-0.07243868965928757,-0.22098846015552664,-0.46589933001202544,36.98147160002086,0.00409706901985496,1.0,1.0,31.09,0.9984287346321634,32.0,31.06,32.34,16199137828.945463,16.233292,—,—,—,False
GEHC,—,NO TRADE,No trade: move not extreme enough,1.7756254336520945,36.04629939002848,26.751785879418904,0.00484526414504538,-0.03511931562359283,-0.07788296041308074,-0.006336939721792834,0.8803000063324709,1.1832796667827037,0.21204715363178886,0.02282992481682434,0.7181719501448725,-0.026371340892735295,-0.037019518187523914,-0.05151161952034544,-0.3547696369993427,mixed,Health Care Equipment,-0.015783591800492824,-0.06443590389112586,-0.09803233839570691,-0.28383647098139675,37.49749824495545,0.011722413254142028,1.0,1.0,64.29,1.4677358664736369,64.985,63.955,67.1,29036651027.36661,14.773876,—,—,—,False
QUBT,—,NO TRADE,No trade: move not extreme enough,1.7533537911432584,38.62028695311945,26.543377401775324,-0.025029797377830842,-0.08705357142857151,0.027638190954773822,-0.10601092896174868,1.052395710485256,1.052395710485256,0.3867649329807672,0.05199075459346235,3.1902592037888726,-0.03683793725497689,-0.04678241451922749,0.06447612820975071,-0.5968184422541875,industry-wide,Quantum Computing,-0.028272748871465803,-0.02909164282916532,-0.10933025555035347,-0.68343653250774,43.813253948488715,0.041120381406436035,3.0,0.0,8.18,0.425284372574522,8.76,8.11,9.01,1849254990.0,-129.23,—,—,—,False
CEG,—,NO TRADE,No trade: move not extreme enough,1.7502132282657485,37.88367147267163,33.70612114982237,-0.005522941449096264,-0.02195464732024144,-0.09668479214172954,0.026920315865039512,1.2095981596365337,1.5486319024549986,0.4162665146416847,0.04112619558185239,1.0366949554945648,-0.040404045008924326,-0.02231807124932883,-0.05628074713280521,0.11162418721667319,mixed,Utilities,-0.04170423238923571,-0.05151312554217813,-0.10529031112522624,-0.3760843227526047,42.08085912323732,0.018808898501467608,2.0,1.0,257.49,10.589584100371173,265.69,249.05,271.0,91251872292.43344,25.076938,—,—,—,False
DNLI,—,NO TRADE,No trade: move not extreme enough,1.7242861850634825,39.8962399188486,30.567797697167553,-0.025815879201169123,-0.019127023050514946,-0.1228070175438597,-0.264976111723631,0.9073956253580033,1.5623665868288474,0.39600563968758545,0.041925221736171914,1.0194166082109155,-0.06497609345824051,-0.08194357531830287,-0.05783092408561918,-0.6541373613137758,mixed,Biotechnology,-0.03917753597079088,-0.1251131884812403,-0.05015423120670759,-0.26739926739926745,36.303853947387786,0.015586945932781315,0.0,1.0,20.0,0.8385044347234383,20.85,19.9318,21.26,3198546585.112509,-7.05,—,—,—,False
GOLD,—,NO TRADE,No trade: move not extreme enough,1.7137573760414866,34.22741262318825,32.8392348597627,0.00475172249940603,-0.03777019340159282,0.01952748312439745,0.01390553824023022,0.539184199381332,0.6111813490895323,0.5932971596115586,0.04526285833653163,1.3801295155514701,0.18944444716470513,0.09098320338285426,-0.16991696404030768,0.8692185644956646,mixed,Metals & Mining,-0.06369694688600092,-0.042779538252603055,-0.046848446874591665,-0.3659670164917541,42.04829999973834,0.015680684248039922,0.0,1.0,42.29,1.9141662790519227,43.09,41.61,43.95,1231207204.0,14.00192,—,—,—,False
KTOS,—,NO TRADE,No trade: move not extreme enough,1.7118627882758364,36.98567080756109,29.229129205609517,0.0058383932741710165,-0.05589653660675131,-0.10457380457380461,-0.1183213920163767,1.0746232247967962,1.3266476160382734,0.2819152999355763,0.05150723259443117,2.3636206739938292,-0.08225905674650892,-0.07816454701193465,-0.02231474782729569,-0.45385295604521847,mixed,Space & Drones,-0.06815231501514496,-0.15818071653343246,-0.37531432806585663,-0.6785820895522388,31.130380506484727,0.011209715086408112,0.0,0.0,43.07,2.2184165078421505,43.51,42.125,45.22,8087034594.980827,247.671075,—,—,—,False
IMVT,—,NO TRADE,No trade: move not extreme enough,1.6901460155368044,41.86361453684408,30.447378138260735,-0.0008915304606240682,0.00960960960960966,-0.14059304703476483,-0.18179605743489913,0.6552777132362936,1.08352266048946,0.34859689277190625,0.041402743868382615,0.49488073279013134,-0.08314054910852661,-0.099729604809208,-0.05745249792623821,-1.0675317742255592,mixed,Biotechnology,-0.06950998436267541,-0.14164185887387093,0.059237094092358555,-0.2597974460590049,28.647272984288605,0.013670133729569045,2.0,0.0,33.62,1.3919602488550233,34.24,33.21,34.6,6944311859.999999,-11.97,—,—,—,False
COR,—,NO TRADE,No trade: move not extreme enough,1.68068255875896,40.8533612211835,29.953763363774357,-0.002356511072373779,0.006939919197184841,-0.08353597058300222,0.021788005025457968,0.8736338767063879,1.444385450139204,0.24267671702356977,0.026511950206480225,0.6101683861239495,-0.027456125530632258,-0.042672528357445394,-0.05607984505236996,-0.8328928777343049,mixed,Health Care Distributors,-0.01860381666420563,-0.027207959362127943,-0.02871673382312867,-0.18141124119298624,45.49512330427423,-0.004809865065530272,1.0,2.0,309.05,8.193518211312714,310.425,302.14,313.02,58969408858.70604,22.976499,—,—,—,False
SLB,—,NO TRADE,No trade: move not extreme enough,1.6549463745628348,41.961184592042386,30.225211592680996,0.0016440608302508153,-0.05432673651532782,-0.15101898623933108,0.03175275190516502,0.9174831084495209,1.9956507135858892,0.26625360950807336,0.034005057182149495,0.8495225612376348,-0.14352819612239556,-0.12316383303598843,-0.00749079011693551,-1.446075013363009,mixed,Energy,-0.07422004843534824,-0.07892449221791353,-0.03465172496090774,-0.19384717168375787,32.027887164172355,-0.01931771475544586,1.0,1.0,48.74,1.6574064870579666,49.34,47.72,52.29,72344558418.74742,23.657897,—,—,—,False
BNTX,—,NO TRADE,No trade: move not extreme enough,1.6525192506779105,38.8834821475864,30.77564660790117,0.0005162622612289169,-0.01644336175395844,-0.058125972006220716,0.04215960421596043,0.808010909023156,0.9743336412310006,0.31799731634488565,0.0334572489535409,0.2770783848557791,0.0010811445376460935,-0.017262529780663893,-0.05920711654386681,-0.23513333466046918,mixed,Biotechnology,-0.013534630635399725,-0.016465324566442785,-0.008193407403237263,-0.21854838709677415,45.27871406658076,0.005162622612286949,1.0,1.0,96.9,3.2420074235981136,97.995,96.2157,100.21,24359287371.02,-12.35,—,—,—,False
CORZ,—,NO TRADE,No trade: move not extreme enough,1.611059442271951,38.2830187997021,30.25290223275936,0.006116207951070152,-0.051326412918108466,-0.08100558659217871,-0.30707666385846666,0.8945014917155539,1.3790558988711636,0.5743823824134617,0.06325535069260864,3.173166563897107,-0.0635856060350944,-0.15542619206618002,-0.017419980557084307,-0.9938311809213248,mixed,AI Cloud / Crypto Miners,-0.052828559090254856,-0.11517752927444558,-0.16881620732603875,-0.4599474720945502,41.97994076494523,0.01957186544342515,1.0,0.0,16.45,1.040550518893412,17.13,16.25,17.31,5289263954.485633,-3.71,—,—,—,False
CF,—,NO TRADE,No trade: move not extreme enough,1.5105214609507032,41.72807940407681,31.94374523261811,0.004103370001746098,0.0029650300863346413,-0.1654451781438212,0.008682687247851373,0.7266128464373295,1.0419267386187392,0.3365794704826893,0.03921804269627211,1.2501257857590227,-0.06312924108469915,-0.09398945788536439,-0.10231593705912205,-2.0394607547041357,mixed,Materials,-0.08279635064437929,-0.07562944161620566,0.022388358231510752,-0.18984220907297833,35.60302277972467,-0.0061114021302601795,1.0,1.0,115.01,4.510467090498255,116.16,112.92,117.73,17419018884.390556,8.530444,—,—,—,False
RIOT,—,NO TRADE,No trade: move not extreme enough,1.5082093270723917,39.48617205407275,31.382449952060387,0.006119326874043818,-0.14217391304347826,-0.06669820245979186,-0.0827522082752209,1.0137686718774754,1.2364583633024195,0.6767881605226097,0.07696667907075723,4.418628200789321,-0.04825626589325134,-0.14111880793379317,-0.01844193656654051,-0.8587158770821206,mixed,AI Cloud / Crypto Miners,-0.09900447529454737,-0.05697802801821994,0.020257779271650733,-0.34927440633245377,41.964672330878265,0.030851606323304415,2.0,1.0,19.73,1.5185525780660403,21.0899,19.35,22.85,7400107480.0,-5.3,—,—,—,False
SYF,—,NO TRADE,No trade: move not extreme enough,1.4477343340370732,35.727196512143095,34.25890758909497,0.0036358551251571836,-0.01604058129969843,-0.10118973074514714,0.0027944669554282875,1.0748220904684187,1.0748220904684187,0.226868672319476,0.026494948311174462,0.9579689031905118,0.000628573623947401,-0.01461186189268815,-0.10181830436909454,0.453833946809477,mixed,Financials,-0.03269066183259095,-0.06436667127291495,-0.03877576166674701,-0.19150613946152983,39.024444986904044,0.007271710250314589,1.0,1.0,71.77,1.901542440292991,72.45,71.37,72.45,23351876670.0,7.360346,—,—,—,False
DG,—,NO TRADE,No trade: move not extreme enough,1.3608546799176624,39.19653596247772,29.579056907874413,8.408307407714588e-05,-0.04726049343159244,-0.09385951546548832,0.027736973991186353,0.6677223611601288,1.0472818922385172,0.3180956562491012,0.0309029691638853,0.7270083447785075,0.022250546063966425,-0.03838215210635154,-0.11611006152945474,-0.415776557900067,mixed,Consumer Staples,-0.038647284425099904,-0.042993674135081594,-0.06236598471279742,-0.24830942299184733,41.3498577889652,0.0026906583704700004,0.0,1.0,118.94,3.6755991523525173,119.34,117.305,125.54,26235773640.0,15.457795,—,—,—,False
ACAD,—,NO TRADE,No trade: move not extreme enough,1.2818119714849776,41.389095559075386,31.351053590540058,0.003016591251885359,-0.035299806576402304,-0.2839195979899498,-0.24460431654676262,1.1256855099822052,1.8246259301844767,0.5539018693504337,0.04766873471400867,1.4883939038686986,-0.22951660114786449,-0.243056155764393,-0.054402996842085334,-3.060237407631713,mixed,Biotechnology,-0.19757865840782707,-0.2597430065194565,-0.1822295823837088,-0.35562015503875977,16.325855352262835,0.006033182503770718,3.0,1.0,19.95,0.9509912575444729,20.24,19.875,20.7,3437504700.0,8.984868,—,—,—,False
BEAM,—,NO TRADE,No trade: move not extreme enough,1.280606286691165,37.60381614774814,34.72204212194974,0.004510045100450943,0.009476720230737534,-0.1683638832315003,-0.3160245672808487,0.7400293617099658,0.8456407184726766,0.5755162008781878,0.056190902670411824,1.4508684455115792,-0.1115022541605118,-0.1275004410059435,-0.056861629070988524,-0.7705654382198018,mixed,Biotechnology,-0.01341950811915471,-0.07808437221308662,-0.1396180430875772,-0.35964453737584945,42.42370914480559,0.02501025010250091,3.0,1.0,24.5,1.3766771154250896,25.48,24.21,25.48,2529523120.0,-28.49,—,—,—,False
LEU,—,NO TRADE,No trade: move not extreme enough,1.2393937363636063,35.36459496968111,37.06057520152065,0.0011501689310617902,-0.05303596926633569,-0.1829754781180335,-0.1975685641852961,0.650859604058803,0.7610679016217954,0.7050702121799652,0.0639766858517878,2.4131198936606624,-0.11435116359225228,-0.10860875722563279,-0.06862431452578122,-0.746604729635036,mixed,Nuclear & Power,-0.0826485747690483,-0.1761219105311106,-0.3053546596651816,-0.7000107700592353,38.011386731465706,0.03515203795557453,2.0,0.0,139.27,8.910033038578488,144.02,138.38,146.0,2847686122.870415,63.544281,—,—,—,False
VAL,—,NO TRADE,No trade: move not extreme enough,1.2373387891387626,37.6650323110269,36.37274945183503,-0.014705882352941235,-0.0321027287319422,-0.12647648763093378,0.026988078082012423,0.587871814692433,1.1671133495123496,0.4514439888380319,0.037975398429712696,1.1256527099073383,0.04653713594228401,-0.09862133442759113,-0.17301362357321778,-1.1423364597570913,mixed,Energy Services & LNG,-0.05032467532467533,-0.05535551602967348,-0.04669596666901776,-0.3130914826498423,39.904365367660034,-0.013071895424836666,2.0,1.0,78.39,2.9768914829051782,79.095,77.7,81.94,5443766968.325807,5.853101,—,—,—,False
GM,—,NO TRADE,No trade: move not extreme enough,1.197278824903392,39.327869537892155,34.16591220811117,-0.013113100491741303,-0.052765339465085326,-0.1026140793396011,0.021135029354207413,1.1834627644777416,1.3322672983681911,0.3986495789749949,0.03305845834838471,1.0358842421009924,-0.031324929985648176,-0.04748785574351666,-0.07128914935395292,-0.6891767045686861,mixed,Consumer Discretionary,-0.05967863042498878,-0.08370834133298388,-0.029811571235468737,-0.14784975503538378,39.12687631686999,0.007313075274240299,1.0,1.0,78.27,2.587485534928071,79.89,77.965,82.69,68691329820.0,39.478463,—,—,—,False
AG,—,NO TRADE,No trade: move not extreme enough,1.158783939396334,36.87698919007354,33.06876813404686,0.0005662514156286047,-0.07048921620199888,-0.17391304347826086,0.029720279720279796,0.9840304297185738,1.492914957339439,0.5176878709402698,0.05169764279473076,1.8573892385160657,-0.020116123321508028,-0.10245732321980405,-0.15379692015675284,-0.16182804116519955,mixed,Metals & Mining,-0.0777902455572661,-0.0676839306065593,-0.12394211176059355,-0.4484157952239737,39.99816157047118,0.018686296715741735,0.0,0.0,17.67,0.9134973481828926,18.07,17.44,18.27,8717042610.0,25.024784,—,—,—,False
UBER,—,NO TRADE,No trade: move not extreme enough,1.1443207462978695,38.834315141870064,27.86684833816759,0.0033883323512080565,-0.02168916977879931,-0.1033438651922064,-0.08392737054472088,0.815527054450958,0.9408767559452991,0.22645726393200377,0.027034435013928,0.7625453695213913,-0.15123136352509378,-0.07693460763033644,0.04788749833288739,-0.8156514372362584,mixed,Industrials,-0.03500258570001635,-0.06741299186399652,-0.08862642983353486,-0.3276074830939336,36.83137744169272,0.005303476723629963,0.0,1.0,68.11,1.841315368798636,68.47,67.22,69.97,139084049691.3211,14.970876,—,—,—,False
TTWO,—,NO TRADE,No trade: move not extreme enough,1.1206812070934502,39.62642893913247,30.015691317111788,-0.004370886946272523,0.0064038919777600345,-0.05323868677905952,-0.17622917513206016,0.6353740529899097,1.062458151977769,0.3118267311511557,0.03221510631594237,0.8543925807368667,0.039783694651094395,-0.02624979985014786,-0.09302238143015391,-0.3950141332230423,mixed,Communication Services,-0.02986538802034744,-0.10378467844467998,-0.09724890913309092,-0.23768519214860495,37.16247732535957,0.0003437776249877178,1.0,1.0,202.73,6.530968503430997,204.68,201.2,210.15,37912153853.283455,-117.06,—,—,—,False
ZBH,—,NO TRADE,No trade: move not extreme enough,1.1048308926206882,41.93494387495196,31.233439160753928,0.0026118555530321164,-0.030206502636203836,-0.10746057420137478,-0.010534573573910078,0.9145490788918123,1.248888307257355,0.300219183046705,0.02867936568581956,1.0408890729692037,-0.057920795600248945,-0.06659713197581796,-0.049539778601125836,-1.0038679584966597,mixed,Health Care Equipment,-0.051776911428295214,-0.08110313417830073,-0.033371086858105414,-0.1739333832335328,34.8739878992653,0.0007949125596182771,0.0,1.0,88.29,2.532101196401009,88.805,87.11,91.84,16838350640.0,21.485934,—,—,—,False
FANG,—,NO TRADE,No trade: move not extreme enough,0.985799980840954,39.45933705060481,34.69306036260144,-0.0043124359872782625,-0.010499812503348083,-0.08982950625800723,0.01489010989010997,0.6592574592234971,0.6592574592234971,0.3722188316610373,0.028258615701705087,0.7639167920215522,-0.029816447657167733,-0.06197435305466459,-0.0600130586008395,-1.2622270361471413,mixed,Oil & Gas Exploration & Production,-0.04575060412288845,-0.06542481656096966,0.0004379048487197501,-0.1484094052558783,38.31778547797225,-0.011967009864697342,1.0,1.0,184.71,5.219648906261947,185.68,183.27,190.57,51720496685.82925,35.786109,—,—,—,False
VRTX,—,NO TRADE,No trade: move not extreme enough,0.9341180935822967,39.71295435881249,24.06350294625581,-0.003966531159963704,-0.04078374731560852,-0.09540110402179369,0.016576032225579018,0.9363965308829347,1.1592934188810766,0.20433415684916345,0.023773655248971744,0.37073080276650056,-0.03698707539315184,-0.05453766179623687,-0.058414028628641854,-0.8923561564710779,mixed,Biotechnology,-0.027262775692072805,-0.026001155143757004,0.06568990214319825,-0.09909861668897813,39.033915451555224,0.005446580100248566,1.0,2.0,504.73,11.999277013813508,509.5,499.95,529.89,127888816770.0,29.364401,—,—,—,False
AVAV,—,NO TRADE,No trade: move not extreme enough,0.9026644253030952,34.3022418968228,28.322108965108363,0.0036348086380157962,-0.07385728378822765,-0.04340737721622179,-0.05107816711590307,0.5446408255639165,0.7460860586440655,0.45789636039334475,0.05609996409701075,2.514886650518391,-0.015532045083691295,-0.01699811965435183,-0.027875332132530493,-0.10084672947654401,mixed,Space & Drones,-0.06605186058426471,-0.10918860378819417,-0.3002399120653707,-0.6629971760876849,37.82720996185082,0.009479010761884288,1.0,0.0,140.82,7.899996944141053,142.72,138.3119,151.3,7153521732.0,-34.38,—,—,—,False
HSIC,—,NO TRADE,No trade: move not extreme enough,0.8479523025406083,40.058777117528784,29.154915360388195,-0.0005887201224539229,-0.017251360426074003,-0.06581554039181159,0.012163129024564734,0.9981272844796768,0.9981272844796768,0.20309067380810994,0.021216417595750464,1.0165226520229347,-0.003828885275711423,-0.024952098166254766,-0.061986655116100166,-0.8059585895653268,mixed,Health Care Distributors,-0.01856947945332199,-0.032294105977932586,0.057521415493909434,-0.07919288348882636,42.4977665826368,0.0029436006122689484,1.0,1.0,84.88,1.8008495255272992,85.56,83.45,86.78,9461293065.0,24.734818,—,—,—,False
TECH,—,NO TRADE,No trade: move not extreme enough,0.8367510893176194,37.77748899245423,26.36282887204529,0.0,-0.002892163613827159,-0.0006901311249136732,0.017568517217146917,0.5927572877058361,1.309565415383278,0.01920884754274213,0.0027255502941373856,1.1903353793180296,-0.06162753465135137,0.04017331110064315,0.0609374035264377,0.24832970091626907,mixed,Life Sciences Tools & Services,0.0001450486603720158,0.0017807898847814752,0.16698057477017025,-0.003989544641628706,55.50586389833355,0.0005524861878452025,2.0,2.0,72.4,0.19732984129554673,72.47,72.38,72.65,11356776989.813566,62.510793,—,—,—,False
APTV,—,NO TRADE,No trade: move not extreme enough,0.7399802784501575,35.684706430627614,30.36488504491281,-0.009779395042074146,-0.02790801518196029,-0.06425961745110687,-0.2726361510190445,0.687521400946867,0.9385484493499637,0.35339377300891966,0.0328897431327314,1.3074615467530888,0.008627634481533308,-0.009133393855022431,-0.07288725193264017,-0.11010014099647433,mixed,Consumer Discretionary,-0.019115311398222534,-0.08668328005302883,-0.27079610500278173,-0.4452796534590393,41.842970715784595,0.005003411416875103,1.0,1.0,43.54,1.432019415999125,44.28,43.125,44.78,9038279028.049805,41.301461,—,—,—,False
MOS,—,NO TRADE,No trade: move not extreme enough,0.6940545152023715,39.36278297932902,26.84587671097202,-0.022273781902552248,-0.08431116905693181,-0.1734013338564142,0.015421686746988073,0.934052022999477,1.43617045262775,0.34523873523317555,0.050187306587295775,2.460311233862647,-0.07207991626136628,-0.1019456135979574,-0.10132141759504792,-0.8761813705929188,mixed,Materials,-0.1278251510886662,-0.10547498556532964,-0.13974367872876403,-0.4147222222222222,31.515828424531335,0.004176334106728463,0.0,0.0,21.07,1.057446549794322,22.005,21.055,22.85,6701247679.999999,-10.44,—,—,—,False
HD,—,NO TRADE,No trade: move not extreme enough,0.6838833660924266,39.717582862530584,30.092698868360024,0.0013807264745451242,-0.03530013642564789,-0.11073034237746404,-0.16496914947007935,0.9466835638056393,1.6046068431329044,0.20503275923777747,0.023678698683558593,0.4803732622357646,-0.03977937065008874,-0.05560411878137961,-0.0709509717273753,-1.107066461807325,mixed,Consumer Discretionary,-0.05611580893394641,-0.12317085721867371,-0.1657694423868461,-0.2886603123506777,25.80531195072291,0.014515329604191773,0.0,1.0,282.85,6.697519922644549,287.7,280.89,293.905,282186639600.0,19.793008,—,—,—,False
TDG,—,NO TRADE,No trade: move not extreme enough,0.6234625622811205,37.81153933332932,28.08957512880919,-0.006252050599686365,-0.023132055187242373,-0.058255529740980805,-0.15846910188236563,0.69419100741758,1.157309515499314,0.20045695112711084,0.02352392610062227,0.5040620853786416,0.08327698851003126,-0.031846272179110846,-0.14153251825101207,-0.5984071075270615,mixed,Aerospace & Defense,-0.016191986834198535,-0.07530249119977794,-0.12591128566306675,-0.2547085661557389,37.56852700883402,0.0050034632350259844,1.0,1.0,1090.38,25.650018541596516,1108.435,1086.13,1118.72,60248647420.46083,33.064362,—,—,—,False
GLXY,—,NO TRADE,No trade: move not extreme enough,0.42844871032226206,38.454541791014364,37.6753077462585,0.0017376194613378804,-0.048679867986798686,-0.12981132075471702,-0.08127490039840646,0.9930769843052615,1.2023486703307118,0.6872153515552681,0.07124700908804082,1.2773520662410118,-0.11587746406638545,-0.20423192622871833,-0.013933856688331572,-1.2020509540449815,mixed,AI Cloud / Crypto Miners,-0.051575224150695154,0.0024387169132191744,-0.07296668750414581,-0.497822299651568,46.01604195573655,0.035621198957428435,3.0,0.0,23.06,1.6429560295702212,24.55,22.88,24.55,9009993763.010427,-38.32,—,—,—,False
MARA,—,NO TRADE,No trade: move not extreme enough,0.4201615897248283,38.92283754430232,32.661131298641216,0.001784121320249632,-0.10517928286852596,-0.031896551724137856,-0.15052950075642968,0.9169886023884027,0.9169886023884027,0.6935962204597504,0.07613626574962823,10.943573056670253,-0.010968782962193484,-0.10631715719813917,-0.02092776876194437,-0.6386128681789167,mixed,AI Cloud / Crypto Miners,-0.06700452789432143,-0.001839885518234552,0.02355871221183925,-0.5211087420042644,44.76082614372867,0.038358608385370196,2.0,1.0,11.23,0.8550102643683251,12.24,11.05,12.74,4340072521.245757,-1.23,—,—,—,False
ORLY,—,NO TRADE,No trade: move not extreme enough,0.3154297492674835,38.928611387505605,26.7911837669565,-0.0015288721627659818,-0.014109040236892412,-0.028381780727855244,-0.0025845864661654394,0.610349880674671,0.6835687134520776,0.2237475770609783,0.021074783727071236,0.4663653748450173,0.04600038106825376,0.02674444286822919,-0.074382161796109,-0.14208017480564444,mixed,Consumer Discretionary,-0.008018227226920027,-0.03937433737761631,-0.06654084942033989,-0.1943825022536414,42.878418521311545,0.00817358579324945,1.0,1.0,84.9,1.789249138428348,85.725,84.435,87.02,68676744095.0,26.999523,—,—,—,False
RGTI,—,NO TRADE,No trade: move not extreme enough,0.2803435902317573,38.53629856468094,29.489463197938004,-0.023687580025608113,-0.08463385354141661,0.0046113306982873414,-0.1024131842260152,0.8087501536452866,0.8295939247984325,0.4723516686545195,0.06030223144907707,4.120570813946172,-0.06562151257558499,-0.06980927477571397,0.07023284327387233,-0.830165998466531,mixed,Quantum Computing,-0.028956207516834143,-0.055247865789441075,-0.16788641786015857,-0.7377476564958616,43.58666835018058,0.027848911651728647,3.0,0.0,15.25,0.9196090295984254,16.105,15.15,16.7,5093314940.0,-17.08,—,—,—,False
ACHR,—,NO TRADE,No trade: move not extreme enough,0.26776126210679957,35.966739862846524,36.398601705193926,-0.027833001988071704,-0.12834224598930488,-0.15104166666666674,0.008247422680412342,1.0299872272432171,1.0299872272432171,0.4984655780190247,0.06112772389847797,3.1730136982743393,-0.13295126993872214,-0.12463240910479678,-0.018090396727944588,-0.5604615752449794,mixed,Space & Drones,-0.09636884412824531,-0.1256615648691174,-0.21175437041096778,-0.6655266757865936,36.188106486490284,0.02385685884691857,2.0,0.0,4.89,0.29891456986355724,5.17,4.81,5.53,3765417360.0,-4.52,—,—,—,False
RIG,—,NO TRADE,No trade: move not extreme enough,0.26735995362074433,38.71103118218648,34.21373378521177,-0.013358778625954248,-0.03903345724907059,-0.14119601328903653,0.005836575875486361,0.6370689064100375,1.2475112533970594,0.4724324989143054,0.03935208821039927,2.5689267195074974,0.030182107433280952,-0.11334086008569388,-0.17137812072231748,-1.2859484670803643,mixed,Energy Services & LNG,-0.06298142274580887,-0.0703110951267758,-0.08949217614892169,-0.32506527415143605,37.648029220515106,-0.009541984732824416,1.0,1.0,5.17,0.2034502960477642,5.22,5.12,5.45,5768685653.416027,-2.91,—,—,—,False
DLTR,—,NO TRADE,No trade: move not extreme enough,0.23533072517450082,38.6353851617249,32.80061630631613,-0.019837455212793897,-0.01674410449723851,-0.144078144078144,-0.0724445914654317,0.5649322909791606,0.9554784959814607,0.3715753562454673,0.03450072226383224,0.8669889700815447,-0.05307739685501711,-0.08860078071900723,-0.0910007472231269,-1.202547323979598,mixed,Consumer Staples,-0.03286583341596849,-0.0959184134077492,-0.04369453134125756,-0.21235955056179778,37.65538670309855,0.001310845058114074,1.0,1.0,112.16,3.8696010091114235,115.225,111.12,116.89,21065253709.377914,13.698597,—,—,—,False
MGM,—,NO TRADE,No trade: move not extreme enough,0.2103604963340885,42.47207223665876,25.440795708284934,0.0003281916639317206,-0.0644567219152854,-0.25893508388037934,-0.34366925064599474,0.8527817951542174,2.4155941778902945,0.4337960618499842,0.03776247308339685,1.6246358205514462,-0.1941593097156255,-0.2038088602842949,-0.06477577416475383,-4.009372999800635,mixed,Consumer Discretionary,-0.1694030765876855,-0.25630965626280977,-0.23318825630833484,-0.40918782709827484,11.695059994593592,0.00426649163111259,2.0,1.0,30.48,1.151000179581936,30.635,29.92,32.88,7666038710.0,18.447013,—,—,—,False
UEC,—,NO TRADE,No trade: move not extreme enough,0.20644612389519953,38.2962302888116,35.35328932466907,-0.0064102564102562765,-0.011689691817215686,-0.19200695047784533,-0.08464566929133854,0.9348554371426733,1.9304397265385564,0.4048069842754533,0.06320130229200412,1.7759405551015466,-0.1241352586487151,-0.11764022958544462,-0.06787169182913023,-0.7290295788474567,mixed,Nuclear & Power,-0.0828402366863904,-0.13794701618434968,-0.2862049512815691,-0.542772861356932,35.12024701223922,0.033119658119658224,2.0,0.0,9.3,0.5877721113156383,9.74,9.23,9.935,4606462575.0,-33.21,—,—,—,False
RKT,—,NO TRADE,No trade: move not extreme enough,0.16536902786658614,35.52990097625555,31.98362416846153,-0.022556390977443774,-0.03861955628594915,-0.17721518987341778,-0.1964285714285715,1.0570558875947342,1.449131018932462,0.3703927830568847,0.05440046126170965,1.8608114558156612,-0.072916115395531,-0.09063732102095878,-0.10429907447788678,-0.3076567426726998,mixed,Crypto & Fintech,-0.07131801404929161,-0.12490650710546003,-0.24835457106422065,-0.5197044334975369,38.01966703904854,0.057644110275689275,2.0,0.0,11.7,0.6364853967620029,12.66,11.665,12.66,24605824382.1,77.844311,—,—,—,False
MCD,—,NO TRADE,No trade: move not extreme enough,0.13166951447386485,42.30847311534948,29.383115831490908,0.0002588103351592874,-0.019492600422833073,-0.1068443554288796,-0.16130782306774216,1.0666426432846088,1.0666426432846088,0.21824373742878223,0.019379561915219508,0.9084473504964375,0.00814077137385591,-0.05171813183279517,-0.11498512680273551,-1.6230367688887954,mixed,Restaurants,-0.05320491097129265,-0.10552415690376904,-0.19986515472959954,-0.32146305779078277,23.759776726183915,0.003752749859810889,2.0,1.0,231.89,4.4939266125202515,233.0,230.825,237.48,164130485480.0,18.833247,—,—,—,False
OMC,—,NO TRADE,No trade: move not extreme enough,0.029987908035142345,37.184772788737355,32.279713182917554,-0.007362784471218187,-0.02626395272488513,-0.12486722530390648,-0.08264258319930706,0.5831975408009307,0.887595124744114,0.2474523969359978,0.028337546985475515,0.7100391476456737,-0.037354731452586956,-0.09787833837499482,-0.08751249385131953,-1.138819085547458,mixed,Communication Services,-0.04007974522952651,-0.09391954640989286,-0.05308834947488872,-0.172109641042818,35.534178606956516,0.003078982597054969,3.0,1.0,74.15,2.1012291089730097,75.11,73.66,76.63,20348242820.0,63.560775,—,—,—,False
AA,—,NO TRADE,No trade: move not extreme enough,0.0,38.858450203677556,35.118782581157866,-0.002615311459819303,-0.02100350058343059,-0.17825661116552394,-0.13895730706075526,0.9682998146378998,1.318906229761161,0.33032709813413036,0.03816847135447876,1.3985462617161806,-0.02482165498270969,-0.10680089090706713,-0.15343495618281425,-0.7556976220964405,mixed,Metals & Mining,-0.07727162747728922,-0.11835667568976249,-0.27673910194961493,-0.5028442758947618,30.408499543089235,0.002139800285306581,2.0,1.0,41.95,1.6011673733203842,42.62,41.7156,43.04,11068363090.831684,8.605128,—,—,—,False
AAL,—,NO TRADE,No trade: move not extreme enough,0.0,38.040734233660686,25.678636093672104,-0.014470677837014612,-0.06705118961788026,-0.0023130300693909867,-0.2415005861664713,1.0440201061677141,1.0440201061677141,0.3097723215905818,0.03652735050960993,11.062894542048733,-0.022829630808926266,0.024096227492478972,0.02051660073953528,0.27286917290451645,mixed,Shipping & Transport,-0.01832113188939044,-0.07721052293780784,-0.0655133628339355,-0.31133581692389567,41.181124261006495,0.017517136329017413,1.0,1.0,12.94,0.47266391559435245,13.44,12.91,13.86,8562581950.0,-26.22,—,—,—,False
ALB,—,NO TRADE,No trade: move not extreme enough,0.0,40.41166109203274,31.51981017782491,-0.004189279253546618,-0.04684224915702173,-0.20861077481840185,-0.18556299641800333,0.7540828623494379,1.0148671524124864,0.4385638582725469,0.04355748211678084,1.6990280131508724,-0.11169053734360238,-0.13715505455994503,-0.09692023747479947,-1.1256729668998324,mixed,Materials,-0.08128667299111048,-0.14856169691759635,-0.32676425870687753,-0.5267420814479638,32.911566071478205,0.003046748548033884,1.0,0.0,104.59,4.555677054594108,106.29,103.19,108.7,12343329113.866549,-2873.35,—,—,—,False
ALGN,—,NO TRADE,No trade: move not extreme enough,0.0,39.50512554202288,29.568729342284893,-0.011042691527056281,-0.02071126856519956,-0.10081010916142741,-0.19324240893528644,0.6015373271947866,1.0208101270923735,0.3078305302538739,0.03202189253938488,0.7742099862190122,-0.07801988569201757,-0.059946666935870585,-0.022790223469409843,-0.6034989500804258,mixed,Health Care,-0.034830764685441884,-0.1025532964340009,-0.1560168150761443,-0.2828597799785466,36.79824161783654,0.012005916956207674,1.0,1.0,143.74,4.602826833611183,147.09,143.23,147.09,10214116822.0,24.93538,—,—,—,False
ALNY,—,NO TRADE,No trade: move not extreme enough,0.0,38.81979713009882,27.843367872662032,-0.049571762263171615,-0.14158462259728088,-0.16930056710775043,-0.2975478755714698,1.1891319107504572,1.380856541930439,0.43764610660697245,0.04781142821334428,1.2419587800145266,-0.11245886748093745,-0.1284371248821936,-0.056841699626812986,-0.5881370181569284,mixed,Biotechnology,-0.111917691115337,-0.09014489272803305,-0.2745659202975034,-0.5566138633841187,34.34484301428513,0.0005623323816938974,1.0,0.0,219.72,10.505127007036005,231.36,219.4,257.27,29423285373.1044,37.096692,—,—,—,False
APO,—,NO TRADE,No trade: move not extreme enough,0.0,37.74010240405878,29.188515356942947,-0.0027986706314501175,-0.06302900813542611,-0.1522046248791733,-0.04856475300400542,0.9707646782186773,1.5471216244814174,0.22038333177850344,0.034368633456706536,0.4758885149860473,0.026161258366749762,-0.0656267560267143,-0.17836588324592306,-0.539895092016666,mixed,Asset Management & Custody Banks,-0.08282119759323026,-0.1139769705503414,-0.09960065607066737,-0.25618109465718575,27.197021549440322,0.007521427322022101,0.0,0.0,114.02,3.9187115867336795,116.95,113.8,121.8496,67330776603.08624,43.127317,—,—,—,False
APP,—,NO TRADE,No trade: move not extreme enough,0.0,40.974955520016934,27.922444469605452,-0.04653229533255121,-0.1368624296057923,-0.14465208240321437,-0.48461848855753886,1.7719028367811225,1.7719028367811225,0.4937899772951313,0.05835515709480975,2.6800989687764267,-0.058661500636456976,-0.1176631954743027,-0.08599058176675739,-0.6012613794029492,mixed,Communication Services,-0.14159024391805064,-0.1889669019152499,-0.4120769288855731,-0.6365631902006748,28.39873920414864,-0.03958266680885847,2.0,0.0,268.22,15.652020235969871,279.94,266.84,322.738,89683121490.0,20.616132,—,—,—,False
ARWR,—,NO TRADE,No trade: move not extreme enough,0.0,40.46713148266874,33.869866414039734,-0.009260688377836224,-0.026243932038835016,-0.2578332755231818,-0.23583333333333334,0.6364669667714853,1.2735811175442624,0.6304550014624484,0.050706343776549714,1.0531624420322319,-0.20287525054350566,-0.21696983329762498,-0.05495802497967615,-1.6485937260561896,mixed,Biotechnology,-0.10647419925110335,-0.20569513740397571,-0.11445182477900107,-0.3277823099615772,30.08539333636125,0.012038894891186702,0.0,0.0,64.19,3.254840207016726,66.16,63.99,66.83,9065711727.79042,-28.62,—,—,—,False
AXON,—,NO TRADE,No trade: move not extreme enough,0.0,40.42737566872647,36.39220128820425,-0.020984817981573034,-0.03896677594103837,-0.2319056025271764,-0.28977663230240547,0.7752126824697899,1.0143230805729893,0.49927422137522537,0.054545888185207884,1.0157414161967415,-0.1482564418715629,-0.20549634496530644,-0.08364916065561352,-1.2096267093016708,mixed,Aerospace & Defense,-0.09260938189433565,-0.21978460883339335,-0.1682457621985758,-0.45898013141017246,31.338882019623824,0.01788209658700657,1.0,0.0,413.35,22.54654288135568,429.76,408.2361,432.71,33581513593.015804,171.187774,—,—,—,False
AXSM,—,NO TRADE,No trade: move not extreme enough,0.0,41.02538916036396,29.53280724856036,-0.015488548360520604,-0.08119329540212217,-0.13966882649388046,-0.2799758987748544,1.3987886550310824,2.518572938083395,0.40841758622954355,0.042811380440536645,1.873546523410376,-0.08219666430081492,-0.09880538426832364,-0.05747216219306554,-1.1048127717199443,mixed,Biotechnology,-0.11054874304534712,-0.1440155103911981,-0.10279065891204164,-0.31108036434912945,28.547935926178923,0.0026363486571099326,0.0,0.0,179.25,7.673939943966194,182.55,175.455,198.96,9385595021.142893,-47.68,—,—,—,False
AZO,—,NO TRADE,No trade: move not extreme enough,0.0,39.027904894092885,26.505974223303802,-0.009577762563718673,-0.02789886357305993,-0.05930176143178656,-0.07253545221715452,0.409136672569962,1.2167041157234884,0.25741459285278284,0.029394713481442222,1.0402440368995554,0.01379206783499197,-0.0041755378357021256,-0.07309382926677853,-0.45241418451295323,mixed,Consumer Discretionary,-0.028590176619335272,-0.0579097211874634,-0.15307895489791956,-0.3496365038213103,38.88586623801394,0.007438728924488158,2.0,1.0,2792.03,82.07092188159113,2840.04,2781.61,2931.4614,45585740928.0,18.302393,—,—,—,False
BABA,—,NO TRADE,No trade: move not extreme enough,0.0,35.375633977904116,29.392521786422737,-0.014890646812470987,-0.03544742117732824,-0.05330471335300968,-0.04759762461759953,0.9617009301326488,0.9617009301326488,0.2966105782646687,0.026602463748131404,0.3128954224568174,0.0229076918324463,0.0018215102430747532,-0.07621240518545598,-0.08373397638147666,mixed,Retail & Internet,-0.038317396143275784,-0.09433155080213906,-0.1915817579297161,-0.45061504126226193,35.623772978807935,-0.009958120055839959,2.0,0.0,105.85,2.815870787739709,106.98,105.0,110.12,266367693762.16248,23.502898,—,—,—,False
BIDU,—,NO TRADE,No trade: move not extreme enough,0.0,38.478216368220316,29.836525239418304,-0.014838182030611158,-0.034466964387953825,-0.11780707260933254,-0.2824440473151222,1.0671087487836075,1.0671087487836075,0.35976617184674287,0.02777551529692209,0.7869157905887169,-0.044526592844618504,-0.06268084901324811,-0.07328047976471404,-0.6395044247931342,mixed,Retail & Internet,-0.061614908214764896,-0.13018182418366886,-0.29627907141720033,-0.4898971566848156,29.943652004558956,-0.006425984343965352,1.0,0.0,84.32,2.3420314498364707,85.51,83.95,88.025,29446141207.38961,-45.75,—,—,—,False
BKNG,—,NO TRADE,No trade: move not extreme enough,0.0,40.47514524244599,30.777365094971625,-0.00786124282505607,-0.030070143336382915,-0.18505611643519693,-0.09400638103919778,0.8481097120557713,1.0127325335524693,0.3787205169563547,0.037777688490854104,1.023867252432521,-0.17779770315930007,-0.1299298928391125,-0.007258413275896857,-1.5490608236872847,mixed,"Hotels, Resorts & Cruise Lines",-0.056311532321715596,-0.1612541839713154,-0.12931915627073076,-0.29323062317663096,30.35402093578341,0.005927127526828002,1.0,1.0,159.02,6.00740802381562,162.24,158.38,166.185,119477092810.0,17.587984,—,—,—,False
BRO,—,NO TRADE,No trade: move not extreme enough,0.0,40.25536152708302,33.15332397239278,-0.030111704711024867,-0.014962183492272296,-0.17433847850055129,-0.1168926886792454,1.0978151734448958,1.2514136673791658,0.2819653061619664,0.02925049211141177,0.7532131197234644,-0.08296999523937162,-0.08776060964809229,-0.09136848326117966,-1.1840759080044063,mixed,Financials,-0.06626975468345764,-0.12721837459536778,-0.11804778087660839,-0.37949249093733817,30.453344602779254,-0.006637526307268993,2.0,1.0,59.91,1.7523969823946792,62.06,59.82,62.24,20043159518.44101,18.944473,—,—,—,False
BSX,—,NO TRADE,No trade: move not extreme enough,0.0,40.93968898540767,30.58058890602176,-0.014573213046495392,-0.030054644808743203,-0.09265175718849838,-0.05312291620360077,0.8553322936254495,1.0346215245143482,0.3620301162929276,0.03226947492984295,1.263701620860733,-0.042124724119847454,-0.05178831496294156,-0.05052703306865093,-0.7399278218512555,mixed,Health Care Equipment,-0.03496551021101635,-0.091227142016025,-0.30992197744611194,-0.5967818267865594,36.09734533722554,0.0019662271570668466,1.0,1.0,42.6,1.3746796320113097,43.44,41.9397,44.3,61729951850.0,17.274239,—,—,—,False
BWXT,—,NO TRADE,No trade: move not extreme enough,0.0,42.13527726366292,30.278030074228113,-0.01410921851012481,-0.026070629017115543,-0.15843993759750385,-0.2787849617626611,1.4420252183254842,1.7046546684266566,0.23618550870928712,0.038599520126486,1.7963393071533038,-0.08777099469501183,-0.08407321670510315,-0.07066894290249202,-0.9507337474598095,mixed,Nuclear & Power,-0.07122171602910432,-0.13829237996411559,-0.2891266315007671,-0.4423124638160615,30.44877487416791,0.013560932816726545,0.0,0.0,134.86,5.205531284257902,138.8099,131.8601,143.0,12362556460.0,34.911595,—,—,—,False
BX,—,NO TRADE,No trade: move not extreme enough,0.0,37.15617053547786,30.9478408410423,-0.004365645046329303,-0.05632494511062325,-0.188335270191749,-0.08514121981170697,1.3103396646230874,2.1553734968070977,0.2814446159599274,0.034148184389046245,0.4601882235200576,-0.022012935383351168,-0.10175740133929001,-0.16632233480839784,-0.5835497780915095,mixed,Asset Management & Custody Banks,-0.08845457363329345,-0.15625226509459023,-0.1296712026308463,-0.3426470588235294,25.4964990613566,0.0035637918745545782,1.0,0.0,111.75,3.816059605475918,115.58,111.62,117.35,138744223546.42703,25.068982,—,—,—,False
CCJ,—,NO TRADE,No trade: move not extreme enough,0.0,39.51329616871204,33.510268343806864,-0.005951686311121418,-0.0328148064039967,-0.15344861856489755,-0.11029872571547927,0.9928415368839781,1.5508580251042214,0.27642591420087603,0.038122937908942806,0.6638518780436844,-0.08236373240968835,-0.07908189767249685,-0.0710848861552092,-0.9794902008818598,mixed,Nuclear & Power,-0.0757779610259971,-0.09975226805779847,-0.19381972624131927,-0.3701567583555161,32.03168931705095,0.014587466448827247,1.0,0.0,85.18,3.247311851083748,87.2,84.81,89.92,37098700940.0,144.790073,—,—,—,False
CENX,—,NO TRADE,No trade: move not extreme enough,0.0,38.93896062967204,33.751233573944404,-0.010280633509308301,-0.07215420682469398,-0.2502631025047358,-0.21037463976945248,1.1511476511233254,1.6386057453125351,0.4075140295647699,0.050374730937252844,2.007749009276385,-0.1028286872668559,-0.178807382246279,-0.14743441523787992,-1.3455146910196256,mixed,Metals & Mining,-0.11684673125437761,-0.18719037589592746,-0.2946059734714813,-0.49424960954138875,26.0476461553027,0.00027785495971088814,1.0,0.0,35.62,1.7943479159849463,36.5582,35.44,38.26,3527131279.0,6.163376,—,—,—,False
CHTR,—,NO TRADE,No trade: move not extreme enough,0.0,39.02183928186011,33.46603706534265,-0.018676483792762877,-0.0320609334868478,-0.27804201347602053,-0.18652772608857449,0.7589627231530357,0.9597184366363182,0.48805004863109686,0.053972511035145054,1.3463423855526122,-0.20231219563794056,-0.2510531265471089,-0.07572981783807999,-2.1025766746522017,mixed,Communication Services,-0.1395673824473005,-0.2207897765109006,-0.3750977392535423,-0.6159873506676037,28.356927160533502,-0.0009876986621172312,1.0,0.0,109.29,5.8986557310310035,112.83,108.3,114.6191,19136587748.01544,2.839365,—,—,—,False
CMCSA,—,NO TRADE,No trade: move not extreme enough,0.0,40.72196831897915,32.99705113979186,-0.005990783410138256,-0.015518028297580977,-0.1906191369606003,-0.07603341186549573,0.6533991159689427,1.1146168007778705,0.3035686946865142,0.02980876123537399,0.5930222522500852,-0.10816448246748797,-0.16363025003168863,-0.08245465449311232,-2.3758310243340968,mixed,Communication Services,-0.07587506961998203,-0.12643417476986385,-0.192780319991686,-0.3434789225384264,27.078547719974793,0.010138248847926468,1.0,1.0,21.57,0.642974979847017,21.92,21.395,22.0,76579575318.95206,6.984651,—,—,—,False
CPNG,—,NO TRADE,No trade: move not extreme enough,0.0,41.24255046032145,30.960833460318156,-0.0014492753623189802,-0.007204610951008772,-0.11154094132817538,-0.28079331941544894,1.1665473396978758,1.2695669873794644,0.25408315365957207,0.032858693492136944,1.0582811977342095,-0.03797563741431784,-0.05641471773209095,-0.07356530391385754,-0.5190467293682415,mixed,Retail & Internet,-0.042756416935847974,-0.1075129533678757,-0.23921624919256446,-0.581879418636405,31.889100931370237,0.0036231884057971175,1.0,2.0,13.78,0.4527927963216471,13.85,13.35,13.95,24769729002.2,-32.36,—,—,—,False
DHI,—,NO TRADE,No trade: move not extreme enough,0.0,37.087945728326524,27.216737335467162,-0.01502991390631847,-0.04600381598473602,-0.06516169240357317,-0.09729187562688069,0.9645133921901796,1.4333327211169544,0.270393443363737,0.029190747775041905,1.0091230704707461,-0.0039623254124770205,-0.010035468807488734,-0.06119936699109615,-0.21254061891451942,mixed,Homebuilding,-0.02978209624561612,-0.06348334249038501,-0.09107159629036032,-0.23391215526046982,39.07679571691252,0.01948051948051943,1.0,1.0,135.0,3.940750949630657,140.5,134.14,142.3699,37754076836.462975,12.843199,—,—,—,False
DKNG,—,NO TRADE,No trade: move not extreme enough,0.0,40.14196434117773,28.080121965308173,-0.039276485788113824,-0.1557674841053588,-0.23150062009094674,-0.2928870292887029,1.2957888199436531,2.021173828880619,0.4963134691103603,0.062227284129050896,3.830024965575817,-0.16338802884812426,-0.1763743964948623,-0.06811259124282248,-1.6069766500975196,mixed,Retail & Internet,-0.16266918901876015,-0.21046149141658244,-0.2772119588566808,-0.4972958355868037,27.520981152628167,0.006201550387596733,0.0,0.0,18.59,1.1568052119590562,19.71,18.52,21.91,8662776360.0,-49.91,—,—,—,False
ERIE,—,NO TRADE,No trade: move not extreme enough,0.0,38.12280256991667,32.618445619520855,-0.0045923191211562076,-0.007942205869155616,-0.14428919766226733,-0.10782454299665067,0.7392822713425649,0.7392822713425649,0.30341558156288245,0.03258073160366675,0.3086724614776768,-0.04862795999561853,-0.05771132880980834,-0.0956612376666488,-0.5571452069741275,mixed,Financials,-0.059899565008482925,-0.09915232552264563,-0.11203102770590523,-0.331114707973437,34.55056909865395,0.008869479086938803,0.0,1.0,221.09,7.203273950254681,225.0,218.589,225.0,10298112552.0,20.186812,—,—,—,False
EW,—,NO TRADE,No trade: move not extreme enough,0.0,40.83639528310832,24.67639181207503,-0.0004695386782485045,-0.013211264341175144,-0.051570505680552436,-0.06766670316434897,0.6941984328271714,1.4708914983201213,0.2711334496225294,0.024574947806386763,0.4178308165883555,0.0016952774886282232,-0.010707063454995613,-0.05326578316918066,-0.4931958706063412,mixed,Health Care Equipment,-0.020431171341140697,-0.03764432509651805,0.00024668444360931296,-0.11569217987329938,40.46742810588753,0.00387369409555105,2.0,1.0,85.15,2.092556805713833,86.48,84.66,88.19,49074699528.92759,50.528127,—,—,—,False
F,—,NO TRADE,No trade: move not extreme enough,0.0,41.742976153376645,30.12169112404841,-0.013854930725346382,-0.04799370574350914,-0.16030534351145043,-0.1109478324761205,1.017118562223773,1.0338295022466855,0.3242933576510504,0.03207683550162919,1.2326756431481904,-0.09141999683132457,-0.10517911991536599,-0.06888534668012586,-1.48053697542365,mixed,Consumer Discretionary,-0.08012771780447014,-0.12238710706877298,-0.10329188219774998,-0.31946006749156364,31.653840978199,0.0024449877750611915,0.0,0.0,12.1,0.38812970956971315,12.3,11.97,12.6692,48249909009.3969,-6.99,—,—,—,False
INCY,—,NO TRADE,No trade: move not extreme enough,0.0,41.11033224517035,27.49116785003047,-0.015707700187809537,-0.06933570102510289,-0.09921875000000002,-0.027168410394870057,1.3928516737186616,1.519788188061691,0.2555428056196356,0.02909763118052693,1.0706533858252179,-0.04088594788153277,-0.0583553077744432,-0.05833280211846725,-0.7509370931914002,mixed,Biotechnology,-0.0663514016875314,-0.06734225708027175,0.0790272845103901,-0.1304675716440422,33.57120474338821,-0.003243981560525855,0.0,0.0,115.3,3.354956875114755,117.19,114.57,126.14,23375133360.0,14.694637,—,—,—,False
JBLU,—,NO TRADE,No trade: move not extreme enough,0.0,37.73756482981046,30.296288127148046,0.0,-0.05681818181818177,-0.09978308026030369,-0.2989864864864864,0.8163822227725979,1.1800126823821122,0.34705617863194765,0.04430537055158231,3.8842749629463382,-0.1365446893649911,-0.07337382269843373,0.0367616091046874,-0.3584646381160715,mixed,Shipping & Transport,-0.04990842490842495,-0.16886966274132809,-0.18347270044269537,-0.37311178247734134,34.75075521228493,0.02530120481927689,3.0,0.0,4.15,0.1838672877890666,4.26,4.13,4.34,1563959141.912046,-1.74,—,—,—,False
JD,—,NO TRADE,No trade: move not extreme enough,0.0,39.5739021610958,29.150422346164124,-0.022373909745923348,-0.027536778574122955,-0.07065609228550818,-0.07065609228550818,1.5100268808449981,1.5100268808449981,0.1964434830406515,0.019745320395855658,0.6303504384728847,0.004767613857561512,-0.015529868689423743,-0.07542370614306969,-0.6130638850373362,mixed,Retail & Internet,-0.042649980503926876,-0.11128577436724796,-0.10750450921402921,-0.3005968529571351,30.432408769987674,-0.012135001896094066,1.0,1.0,25.78,0.5090343598051589,26.12,25.71,26.865,36246729404.76242,17.387199,—,—,—,False
JNJ,—,NO TRADE,No trade: move not extreme enough,0.0,41.01770052929765,26.76920537313365,-0.010167787829583386,-0.05600619423346376,-0.08045110081528584,-0.011848707062910302,1.7273666173695463,1.7273666173695463,0.14416545135589248,0.020090138470695,0.45404979459728617,-0.03849218905513263,-0.03958765858972901,-0.041958911760153206,-0.8897532653590696,mixed,Pharmaceuticals,-0.04342384248232334,-0.03748482148563348,0.05925747718157148,-0.08908812751271933,32.28294859042293,0.0027835768963115903,0.0,2.0,256.03,5.143678152652041,259.38,255.12,273.78,617175390000.0,29.675004,—,—,—,False
JOBY,—,NO TRADE,No trade: move not extreme enough,0.0,36.21359484446515,32.203787016081556,-0.001677852348993203,-0.05854430379746833,-0.13391557496360984,-0.25531914893617025,0.684859144411793,0.9450776591237376,0.3729421886853148,0.047829069295653545,1.7480468551594397,-0.11426826080811463,-0.10750631740173988,-0.019647314155495213,-0.6303787306750122,mixed,Space & Drones,-0.05027932960893855,-0.1514304458199035,-0.37872309322808173,-0.7022022022022022,33.794536171811544,0.02684563758389258,4.0,1.0,5.95,0.2845829623091386,6.14,5.845,6.25,5908583582.307888,-6.07,—,—,—,False
KGC,—,NO TRADE,No trade: move not extreme enough,0.0,39.15031965491998,31.55568102778188,0.0,-0.03952095808383238,-0.23836657169990505,-0.005785123966942196,0.8860655969434283,1.272264144272984,0.5327168303229098,0.046116508026455415,0.5721509138117076,-0.08994077889495591,-0.16691085144144824,-0.14842579280494914,-1.0494365160856498,mixed,Metals & Mining,-0.11565250951059491,-0.12892995235543714,-0.18377870429109866,-0.384812068524674,33.47862663645975,0.013715710723191998,2.0,0.0,24.06,1.1095631831165171,24.46,23.905,24.59,28552796800.0,9.105014,—,—,—,False
KKR,—,NO TRADE,No trade: move not extreme enough,0.0,37.653159487071704,30.501896220767964,-0.010412099956159437,-0.06599772421640626,-0.177387026239067,-0.06211696270904732,1.1784609523354763,1.661613806103941,0.2647899652203985,0.03469736547009766,0.5289897018390528,-0.0074152767797751595,-0.090809157386608,-0.16997174945929183,-0.6291321509883218,mixed,Asset Management & Custody Banks,-0.08038601583785299,-0.12616040942418905,-0.12316395154045978,-0.37662247997790665,29.589399873794477,0.005151249451994744,1.0,0.0,90.29,3.1328251282951185,93.35,90.25,95.675,81038578080.0,28.783194,—,—,—,False
KRYS,—,NO TRADE,No trade: move not extreme enough,0.0,39.11386412501015,30.903502746595823,-0.009314192616273753,-0.0680700942686947,-0.1324198454787736,-0.13188234026505774,1.5194598301117725,1.5194598301117725,0.28416030594641656,0.03272399049065415,1.4381476938082651,-0.07479344964708878,-0.09155640325321679,-0.05762639583168483,-0.950060182529423,mixed,Biotechnology,-0.053299630314504354,-0.05883479846483897,0.06936558595862041,-0.15751499862757667,36.567551026884296,0.004426546985951907,1.0,0.0,322.28,10.546287655328019,329.22,320.29,350.0,9542665234.652636,40.389002,—,—,—,False
KURA,—,NO TRADE,No trade: move not extreme enough,0.0,38.370352131005546,33.79057335088475,0.0,-0.010223048327137496,-0.1901140684410646,-0.11837748344370858,1.0174563058637651,1.3300357141762824,0.40291533435532806,0.04898440563138242,2.1215006387244064,-0.13371520926815192,-0.14925062621550778,-0.05639885917291268,-1.047212199646701,mixed,Biotechnology,-0.06474346308371204,-0.04681780347441622,0.08601437821852853,-0.23381294964028776,39.16014573497902,0.018779342723004522,2.0,1.0,10.65,0.5216839199742228,10.97,10.59,11.125,947430541.999995,-3.17,—,—,—,False
LI,—,NO TRADE,No trade: move not extreme enough,0.0,39.77494301610011,29.940220305898368,-0.03866906474820142,-0.07043478260869573,-0.11359867330016593,-0.10243492863140224,1.1489861093078968,1.8368030646538427,0.4192078485595476,0.03775449486473719,0.3220984434910313,-0.03292602199860915,-0.0584724497040815,-0.08067265130155678,-0.9747980124875532,mixed,EV & Autos,-0.08842841306386973,-0.12797337422912514,-0.30501378270140955,-0.5939992404101785,33.21361345902024,-0.028776978417266008,1.0,0.0,10.69,0.4035955501040405,10.85,10.66,11.845,12019175197.000904,-16.19,—,—,—,False
LLY,—,NO TRADE,No trade: move not extreme enough,0.0,36.51406908238401,28.77815456024994,-0.006087750576162065,-0.034314636743109306,-0.014444636081407336,-0.060889929742388826,0.9001578050226652,1.5144447591196826,0.19672574270588356,0.027935795717061507,0.21827563249687756,0.038515353134392284,0.026418806144149487,-0.05295998921579962,0.9151573205024424,mixed,Pharmaceuticals,-0.007267098441995246,-0.02884067446562677,0.0642898690332574,-0.11588597068038542,43.01353052223201,0.003452624255337655,4.0,1.0,1142.85,31.926424135243742,1164.9155,1136.66,1215.0,1076253486487.3684,38.834011,—,—,—,False
LOW,—,NO TRADE,No trade: move not extreme enough,0.0,40.905381321868916,26.315080319045492,-0.00866323061739216,-0.04480135249366013,-0.10450718177315499,-0.15117370892018778,0.8296304460610785,1.3441163984026094,0.18829527154472256,0.024814045512479406,0.49424938170248506,-0.033296911687266825,-0.049380958177070555,-0.07121027008588816,-0.9348767703850294,mixed,Consumer Discretionary,-0.060632825894944564,-0.11831715614369098,-0.21936240301668064,-0.38306148911485705,25.430500264594812,0.012227217896699338,0.0,1.0,180.8,4.486379428656277,185.16,180.01,189.71,101430150096.12492,15.289123,—,—,—,False
LULU,—,NO TRADE,No trade: move not extreme enough,0.0,37.587497723759725,37.62489821983937,-0.014604631754642217,-0.06752221125370195,-0.2242752730557609,-0.18925414127542706,0.7660767606252071,0.7660767606252071,0.7506351078420532,0.04264454052986565,5.2557919411974945,-0.18853073433058512,-0.16914904945967646,-0.035744538725175766,-2.0144880449278992,mixed,"Apparel, Accessories & Luxury Goods",-0.04858788928729718,-0.1561136200188502,-0.34834870105220717,-0.5819984069386672,33.99168381648073,-0.0029209263509284433,3.0,0.0,94.46,4.02820329845111,96.16,93.41,102.04,10940930117.735653,7.742369,—,—,—,False
LVS,—,NO TRADE,No trade: move not extreme enough,0.0,42.21399088006832,25.663371370749775,-0.012537476151539995,-0.07078738137984109,-0.18602561222197267,-0.2200215285252961,1.2578095697127378,1.2578095697127378,0.1564797317093071,0.028195995001052004,1.1298598552858912,-0.11821194340478523,-0.13089938862588824,-0.06781366881718744,-2.4684351162848235,mixed,Consumer Discretionary,-0.10222894029314455,-0.1740868907095604,-0.299488489317828,-0.4857674101725227,17.11288829160617,0.005451076587626114,0.0,0.0,36.23,1.021540898888114,36.98,36.21,39.29,23462973273.61201,14.115401,—,—,—,False
MDGL,—,NO TRADE,No trade: move not extreme enough,0.0,39.56810717846636,29.792136218899994,-0.0006203598086890194,-0.03321976149914818,-0.0796336226755866,-0.10823021017481838,1.2660525640767493,1.54262259155935,0.20927174076198804,0.033067335538426716,1.251867361212298,-0.020884115720429704,-0.03877018045002978,-0.0587495069551569,-0.5206382531987863,mixed,Biotechnology,-0.04521282443215113,-0.04558524888361748,-0.021962082327722454,-0.18796747967479677,36.51106515252715,0.010586139961177521,0.0,1.0,499.4,16.5138273678903,505.0,491.05,525.0,11539124191.2491,-38.76,—,—,—,False
MSCI,—,NO TRADE,No trade: move not extreme enough,0.0,36.27701204235871,29.071170040294746,-0.01730871486459218,-0.027949071387115443,-0.06734534064212983,-0.11170962128118,0.8442824423410027,1.213961236579146,0.21998293122812207,0.022604898829321287,0.6707235213204952,0.03930787659882433,0.01923252821032917,-0.10665321724095415,0.10395015254069331,mixed,Financials,-0.025175021053454705,-0.04389297452664709,-0.06431692866200023,-0.16877336104347274,39.25436665439976,0.001998569830763408,3.0,1.0,535.95,12.115095527574745,549.8908,535.95,550.45,38978832000.0,29.314598,—,—,—,False
NFLX,—,NO TRADE,No trade: move not extreme enough,0.0,40.75882694629727,31.740707010998676,-0.011643330876934255,-0.05741794925855637,-0.18882303132938183,-0.11143500728766398,1.1025057740926298,1.3370444723553945,0.3570062365465785,0.02949056224224713,0.9287387186174633,-0.11180636276175399,-0.16183414440047017,-0.07701666856762784,-2.0639809154344824,mixed,Movies & Entertainment,-0.08759111673486597,-0.11254623533537567,-0.2023354229504608,-0.46291846868492714,31.0568436944872,-0.00368459837877666,0.0,0.0,67.06,1.9776371039650926,67.87,66.745,71.65,279296275500.0,21.126583,—,—,—,False
NIO,—,NO TRADE,No trade: move not extreme enough,0.0,38.450401031167445,28.51392703723049,-0.008823529411764675,-0.05865921787709494,-0.12694300518134705,-0.2949790794979079,0.8366115001584558,1.5013650692672897,0.2929543615060996,0.03458898245063745,1.1824984676036128,-0.04722352044273177,-0.07181678158526261,-0.07971948473861527,-1.0521171039459984,mixed,EV & Autos,-0.06583506583506593,-0.18900707513115467,-0.33301006422499524,-0.5798004987531171,25.12239349133496,0.0117647058823529,1.0,0.0,3.37,0.1165648708586482,3.45,3.37,3.67,8407540895.294117,-12.25,—,—,—,False
NKE,—,NO TRADE,No trade: move not extreme enough,0.0,44.210478132363264,30.677034301853112,-0.0364153627311522,-0.05258741258741262,-0.12638638122259493,-0.2082748948106593,3.7208536282807105,3.7208536282807105,0.23098931159063166,0.03382641999819703,9.620298069540487,-0.05801221188636385,-0.0712601576265105,-0.06837416933623108,-1.1564877806408604,mixed,"Apparel, Accessories & Luxury Goods",-0.0654360332767685,-0.13037003563762584,-0.3047451604659255,-0.5599584253605301,28.210226531852086,-0.07388335704125182,1.0,2.0,33.87,1.1457008453389332,33.97,31.97,36.665,50275626539.39914,16.234482,—,—,—,False
NNE,—,NO TRADE,No trade: move not extreme enough,0.0,36.16673019574287,34.70305973423278,-0.006993006993007089,-0.08063566804002353,-0.11501416430594902,-0.1902540176257128,0.8955220383023482,0.9775389741957288,0.7323225480450083,0.06356213993304904,3.202490395059628,-0.04072640696249409,-0.04064744341354831,-0.07428775734345493,-0.6968873363182573,mixed,Nuclear & Power,-0.06357723089835454,-0.10746937282867064,-0.3327680514648561,-0.7433875472318054,40.513512641002414,0.0375079465988557,4.0,0.0,15.62,0.992840625754226,16.4,15.595,16.85,839839019.08,-22.49,—,—,—,False
NRG,—,NO TRADE,No trade: move not extreme enough,0.0,37.56508439296418,32.82200393212859,-0.01753842979469722,-0.0512105210720335,-0.14851573676680974,-0.32210990888382685,1.1676456190761524,1.3333682771028834,0.40768339052064995,0.04311480208009445,1.5875969205640268,-0.10951197117569791,-0.07414901587440903,-0.039003765591111815,-0.26144526662868034,mixed,Utilities,-0.09210513771438922,-0.16622451963570584,-0.32392786339409796,-0.49868393345967577,31.60351298933766,0.007221706386051574,0.0,1.0,95.23,4.105822602087395,98.51,93.42,100.12,20014139158.01216,25.187791,—,—,—,False
NVCR,—,NO TRADE,No trade: move not extreme enough,0.0,39.4396651434158,34.06174874396192,-0.061557788944723635,-0.05681818181818188,-0.15306122448979598,-0.1359167148640833,1.5487812733415107,1.7932717977826849,0.4798424035952941,0.04887897000415945,1.4557082252717999,-0.0958740069349414,-0.11219778226423915,-0.05718721755485458,-0.38309655766930184,mixed,Biotechnology,-0.07606679035250474,-0.10290744454719047,0.01532846963359158,-0.30351598556683734,34.11059917756732,0.02010050251256268,1.0,0.0,14.94,0.7302518118621422,16.24,14.915,16.44,1739121010.0,-11.41,—,—,—,False
NVR,—,NO TRADE,No trade: move not extreme enough,0.0,38.50164402866827,26.096898403192597,-0.021632677045824722,-0.048232660060975596,-0.059633351375520616,-0.0737996489189422,0.9889974038818148,1.2070779601947805,0.22982159782786407,0.02477843331586098,1.5310372777556793,0.003408795958259714,-0.004507127779436182,-0.06304214733378033,-0.30873211136113604,mixed,Homebuilding,-0.033779083872621185,-0.046148503021989695,-0.10408043950662593,-0.2690426829268292,37.37336866447127,0.005249429516288595,1.0,1.0,5993.85,148.51821253027333,6200.0,5948.13,6383.295,15977461264.599998,15.54416,—,—,—,False
OKLO,—,NO TRADE,No trade: move not extreme enough,0.0,35.51924315091286,36.48796091635715,-0.007470946319867222,-0.05704521556256581,-0.09964859437751017,-0.2719707732900346,0.9488546506684851,0.9488546506684851,0.6968775345703715,0.062309770344500054,5.107141244395703,-0.024080372873352004,-0.025281873485109463,-0.07556822150415816,-0.2823079358098943,mixed,Nuclear & Power,-0.06556907286320901,-0.11666346527972749,-0.3967007756944585,-0.8149504746182419,39.79204078217933,0.03209739900387376,3.0,0.0,35.87,2.235051462257217,37.46,35.65,38.5496,6668745300.0,-38.17,—,—,—,False
PDD,—,NO TRADE,No trade: move not extreme enough,0.0,39.85311896849894,26.83622625301134,-0.014640522875817075,-0.028232564135619365,-0.07656498836212178,-0.12226362366092225,1.0641263076647876,1.0641263076647876,0.2195834217532877,0.024021505995219142,0.47572950901433386,-0.0014098684043526988,-0.021438764766037344,-0.07515511995776908,-0.6134241810741167,mixed,Retail & Internet,-0.03943625178799559,-0.10016807685696294,-0.20236222680403637,-0.45929273366329537,33.38469911514342,-0.002614379084967311,1.0,1.0,75.38,1.8107411219196188,76.3,74.72,78.935,107324093234.8,7.913745,—,—,—,False
PHM,—,NO TRADE,No trade: move not extreme enough,0.0,37.49505286460303,25.53092987311092,-0.0053287494628275756,-0.03437630371297451,-0.06902099589735333,-0.0645813126414484,1.0639060210168527,1.4509151867440897,0.25854338653849684,0.02767701787113255,0.9735496364422015,-0.009108063404183908,-0.013894772301268898,-0.059912932493169424,-0.25048887763926153,mixed,Homebuilding,-0.025000526548579316,-0.07408592687414983,-0.07178376644209172,-0.1990726322710128,38.57626290529968,0.018650623119896848,1.0,1.0,115.73,3.20306127822617,119.14,114.58,121.09,21692061160.0,11.821729,—,—,—,False
PTON,—,NO TRADE,No trade: move not extreme enough,0.0,37.93989413836938,31.36845819453704,-0.010060362173038184,0.0,-0.08550185873605942,-0.17171717171717182,0.8442502691844185,1.4624962191647493,0.4000214821467539,0.03918280194862224,1.859522248470891,-0.01075296015892388,-0.030375635139974988,-0.07474889857713554,-0.3495030442869158,mixed,Retail & Internet,-0.006762894922781926,-0.0918320258421782,-0.07841007005582001,-0.4652173913043478,43.786926619188,0.016096579476861272,3.0,1.0,4.92,0.1927793855872214,5.05,4.88,5.095,2157054695.257544,33.954451,—,—,—,False
QBTS,—,NO TRADE,No trade: move not extreme enough,0.0,38.804936568688674,31.84669191000353,-0.047705314009661826,-0.09419873635841469,-0.06242568370986923,-0.25472589792060496,1.2600151179282135,1.2600151179282135,0.5596943180034383,0.06525311189666239,5.325382780369291,-0.1494177805857807,-0.13684628918387054,0.08699209687591147,-0.9478674193715795,mixed,Quantum Computing,-0.06744330445581159,-0.13044916684127528,-0.24197998481075944,-0.6626737967914438,39.021240456386,0.026509661835748766,3.0,0.0,15.77,1.0290415746103658,17.0,15.74,17.545,5986719303.92,-22.26,—,—,—,False
QS,—,NO TRADE,No trade: move not extreme enough,0.0,36.33751944845654,33.56790574222969,-0.004357298474945481,-0.06924643584521384,-0.1614678899082569,-0.33863965267727925,1.0371862768636302,1.4532678711352167,0.4324603938346366,0.053940601410576584,1.860322700554801,-0.0842144683644209,-0.10634166631217246,-0.07725342154383599,-0.4152253345901861,mixed,EV & Autos,-0.08654807115730556,-0.1546898988217449,-0.37619437619437623,-0.7603553243593306,31.232275395811996,0.034858387799564294,2.0,0.0,4.57,0.246508548446335,4.75,4.55,4.84,2826253377.132898,-6.83,—,—,—,False
RIVN,—,NO TRADE,No trade: move not extreme enough,0.0,37.66085272719521,31.7001167055208,-0.031165311653116423,-0.07563025210084029,-0.10119421747328716,-0.21081677704194257,2.754531796760098,2.754531796760098,0.30063843392867823,0.04840167311446072,4.2035874862538565,-0.019635533612667608,-0.04606799387720273,-0.08155868386061955,-0.22752185028316677,mixed,EV & Autos,-0.06857077722232174,-0.090764584326816,-0.11515102763142016,-0.369766416923755,35.902562175022936,0.03455284552845517,2.0,1.0,14.3,0.6921439255367883,15.36,13.96,15.37,20711645883.0,-5.54,—,—,—,False
SBUX,—,NO TRADE,No trade: move not extreme enough,0.0,40.94218722861212,29.91327848155509,-0.0017917369308600994,-0.0015812776723592714,-0.10498960498960497,-0.10995207217366787,0.9178580214152416,1.097565300264858,0.1704738968501105,0.021451114996844784,0.5584670175438596,0.010366471900985469,-0.049863381393520534,-0.11535607689059044,-1.2747775068771932,mixed,Restaurants,-0.02203543843707423,-0.07419535836684588,-0.040935429719609506,-0.14297348656230213,35.00005577438384,0.002107925801011934,1.0,1.0,94.71,2.0316351013511693,95.29,94.27,96.195,108003600000.0,54.609929,—,—,—,False
SCHW,—,NO TRADE,No trade: move not extreme enough,0.0,40.75883081113331,29.29198645118049,-0.01697672054488164,-0.023528223770574508,-0.12393549556078998,-0.05112354037876554,0.910166217806493,1.2302029675344273,0.2683711606481478,0.022863051549497353,0.44653515213896633,-0.02258511319826595,-0.03735762670833098,-0.10135038236252403,-0.7340145513930673,mixed,Investment Banking & Brokerage,-0.062475762041417804,-0.09051407116750909,-0.01663333694341773,-0.15567973456736228,29.80890608471087,-0.010978956999085021,0.0,0.0,96.7,2.210857084836394,98.55,96.32,99.13,167227178000.0,17.584376,—,—,—,False
SE,—,NO TRADE,No trade: move not extreme enough,0.0,40.903256686570835,31.54327255419343,-0.0008397186942373791,-0.043797086891009585,-0.15835543766578242,-0.1275776739070663,1.0721719833451437,1.506324094671765,0.29812058854371953,0.035524793313261215,0.6485622071459158,-0.08691806540363428,-0.10322921406969798,-0.07143737226214814,-0.8518166088382345,mixed,Retail & Internet,-0.07635880243936755,-0.13671296136747435,-0.07480258518760785,-0.5080111639445937,29.038505528737815,0.007662433084916653,0.0,0.0,95.19,3.3816050754893348,96.555,94.24,99.9,58317711790.42896,36.033615,—,—,—,False
SMR,—,NO TRADE,No trade: move not extreme enough,0.0,35.83868634648467,44.59218628595805,-0.005134788189987138,-0.07957244655581952,-0.20512820512820518,-0.14174972314507195,0.6836364422319573,0.8858042293285155,1.0076346983502629,0.07495813886309344,6.04883284477345,-0.13834995118660492,-0.13076148423580447,-0.06677825394160024,-0.960501649535614,mixed,Nuclear & Power,-0.11640633907194153,-0.13982552331905262,-0.351230986882309,-0.8650296064089168,39.251762935533,0.03145057766367132,3.0,0.0,7.75,0.5809255761889741,8.045,7.605,8.28,3328206688.071243,-3.4,—,—,—,False
SOFI,—,NO TRADE,No trade: move not extreme enough,0.0,35.212442189333295,30.38948108634849,-0.004419191919191934,-0.048854041013268956,-0.14802809292274455,-0.15306122448979598,1.10702866885075,1.3248146482880083,0.28705038940252114,0.040522770302350866,3.836731104745679,-0.0419048248854407,-0.06145022407028555,-0.10612326803730385,-0.12195736222750861,mixed,Crypto & Fintech,-0.0628992482990165,-0.09650806382308286,-0.16752667794579168,-0.5181790406355026,36.19719857571164,0.01862373737373746,3.0,0.0,15.77,0.6390440876680732,16.25,15.72,16.42,20348691127.82797,33.248999,—,—,—,False
SOUN,—,NO TRADE,No trade: move not extreme enough,0.0,37.929850700563186,31.831573774193966,-0.034710743801652844,-0.034710743801652844,-0.13353115727002973,-0.12574850299401197,1.229886657141433,1.229886657141433,0.39727993316118115,0.04795156570059998,5.264191895770498,-0.11208288369825137,-0.20795176274403104,-0.021448273571778365,-1.5837369533249304,mixed,Application Software,-0.04916965157929021,-0.11336481090682737,-0.2507369143575613,-0.7365809652683808,38.1495597904902,0.025619834710743916,4.0,1.0,5.84,0.2800371436915039,6.21,5.78,6.21,2631782719.8,-9.47,—,—,—,False
SPOT,—,NO TRADE,No trade: move not extreme enough,0.0,40.184756724431466,34.060157163320156,-0.037667887667887645,-0.07278288661006649,-0.15571941225830643,-0.026734996295381563,1.3216248849948038,1.3216248849948038,0.37246589128329605,0.0371216156947213,0.9231195208216586,-0.08416222065945485,-0.100593188662222,-0.07155719159885159,-1.4066965105684686,mixed,Retail & Internet,-0.08483589980782913,-0.08442907941066125,-0.05486854920153805,-0.3403314454705243,34.418752207099374,-0.00040700040700036855,1.0,1.0,472.89,17.554440845876755,492.505,470.51,507.03,97345284389.6264,24.992733,—,—,—,False
SRPT,—,NO TRADE,No trade: move not extreme enough,0.0,41.01889254972356,32.83537235940112,-0.003984063745019917,-0.06266738082485279,-0.23879947803392776,-0.1471734892787524,0.8903800086784815,0.9748454803397427,0.609481407396817,0.0628775079271273,2.4138928261463386,-0.18343647863958662,-0.19793603580837094,-0.055362999394341125,-1.392278334875305,mixed,Biotechnology,-0.11683068382538475,-0.07187899423504263,-0.0845041870854929,-0.3088467614533965,37.87574056258319,0.010244735344336897,0.0,0.0,17.5,1.1003563887247279,17.76,17.21,18.855,1847944672.680996,-6.04,—,—,—,False
TKO,—,NO TRADE,No trade: move not extreme enough,0.0,40.07103256723173,29.44972615546385,-0.0026130424903429983,-0.03881316034378923,-0.07306514623587779,-0.06695716866829626,0.7630555524666653,1.0909928830432922,0.28294045516139354,0.03196147399098976,0.4912576829596821,0.03289099360512607,-0.04607625930696613,-0.10595613984100385,-0.6412102531798987,mixed,Movies & Entertainment,-0.05968670504752971,-0.06685105012473502,-0.10696506721794274,-0.22631532563673207,34.646352217873854,0.0026130424903432203,0.0,0.0,175.58,5.611795603337983,176.91,173.16,184.635,33228190577.407604,60.739613,—,—,—,False
TTD,—,NO TRADE,No trade: move not extreme enough,0.0,39.24773941906257,30.773960516053634,-0.012396694214876103,-0.051587301587301626,-0.20808482438701126,-0.3949367088607595,0.8657624164470057,0.8896216540941038,0.3698495060921655,0.04782315699224027,4.8129696361668906,-0.1885481833054119,-0.28250542986101257,-0.019536641081599353,-1.1549995081366375,mixed,Application Software,-0.11106151900617434,-0.17711059082770964,-0.4712418626003174,-0.7880829934385529,29.628320996351036,0.0,1.0,0.0,11.95,0.5714867260572711,12.212,11.765,12.58,5610374710.26,14.182293,—,—,—,False
UPST,—,NO TRADE,No trade: move not extreme enough,0.0,37.13077222515963,34.287196717901914,-0.006100217864923763,-0.04199916001679971,-0.20021037868162694,-0.3135720734276256,0.9322681425929719,1.1376693720723579,0.3814056491259892,0.0493203067319426,4.232273969280601,-0.09734850350425324,-0.11363250982916795,-0.1028618751773737,-0.5434113791102964,mixed,Crypto & Fintech,-0.08205561592015786,-0.16964565237966955,-0.29276909887745317,-0.586925027164071,30.78891094019062,0.023965141612200425,2.0,0.0,22.81,1.1249961965556106,23.56,22.775,23.68,2219225245.5,41.533139,—,—,—,False
USAR,—,NO TRADE,No trade: move not extreme enough,0.0,35.83175944433028,34.96012196621226,-0.01521739130434785,-0.10474308300395252,-0.23176936122102887,-0.2798092209856916,0.8034891561356764,1.0640499901149272,0.5470522126947659,0.06800505315858196,2.9068277978547155,-0.08279380087617338,-0.16031364096257206,-0.14897556034485548,-0.5328997097994574,mixed,Metals & Mining,-0.12677504337210044,-0.18702105130920121,-0.29585674648511284,-0.6909959072305594,32.60206184274253,0.017753623188405676,2.0,0.0,13.59,0.9241886724251289,14.09,13.54,15.01,5097290586.3,-5.67,—,—,—,False
WDC,—,NO TRADE,No trade: move not extreme enough,0.0,45.69688303346855,31.92206090688638,-0.1021921480456589,-0.09089118014053976,-0.05951491269787346,-0.2815673384655306,3.6474722846086727,3.6474722846086727,0.6170986105908112,0.06978027345107397,6.8698034342834795,-0.21026577614220868,-0.13393551817187477,0.15075086344433522,-0.9767704659471933,mixed,"Technology Hardware, Storage & Peripherals",-0.0759885858591477,-0.10912179990475335,0.03816303464386972,-0.4808031305087076,39.21551928422285,-0.08509166378415778,1.0,0.0,415.29,28.979049761496512,427.71,396.57,465.9,149667779920.0,17.106456,—,—,—,False
WYNN,—,NO TRADE,No trade: move not extreme enough,0.0,42.39852626884038,28.882495018790006,-0.018369987063389437,-0.06459566074950707,-0.17125382262996947,-0.232216938176667,0.9267978917353455,1.492884008697404,0.22856116693758569,0.03498138810799053,2.123866218657137,-0.1028246625797819,-0.11612759903388503,-0.06842916005018757,-1.8784363911288897,mixed,Consumer Discretionary,-0.09309844088945196,-0.18189914114503958,-0.264131502066842,-0.43675771971496435,22.178116505692742,0.010090556274256146,1.0,0.0,75.88,2.6543877296343212,78.24,75.75,82.0,7814696860.0,18.174415,—,—,—,False
XPEV,—,NO TRADE,No trade: move not extreme enough,0.0,39.032982923304615,22.687310285749028,-0.018046709129511673,-0.08596837944664026,-0.1696588868940755,-0.28736517719568566,1.0006306595214405,2.0813046813159697,0.3200581817711709,0.03488236865098515,0.7140274233639045,-0.09299053656351224,-0.11453266329799106,-0.07666835033056325,-1.2329121631728122,mixed,EV & Autos,-0.09795699449022366,-0.17884345649201927,-0.4047542439413635,-0.6723924207543828,25.553737191520412,-0.007430997876857748,2.0,0.0,9.25,0.32266191002161265,9.35,9.18,10.12,9090304710.456474,-19.47,—,—,—,False
YUM,—,NO TRADE,No trade: move not extreme enough,0.0,39.01841457868953,29.581610239241847,-0.004170019752725129,-0.018105749116352765,-0.10764389668283725,-0.161771045015087,0.7583555988849321,0.8368955615964015,0.27694208708938794,0.0239467466754963,0.6431025710054511,0.007181321869106735,-0.052517673086752814,-0.11482521855194398,-1.3110353713631802,mixed,Restaurants,-0.031084726700691068,-0.07189854430163967,-0.11595980903380998,-0.1999529798989067,37.08207286252397,7.315824127585024e-05,0.0,1.0,136.12,3.259631157468556,137.88,135.95,140.3,37160942990.22392,17.119213,—,—,—,False
